file_name,name
5.jpg,yujin
8.jpg,yujin
17.jpg,yujin
23.jpg,yujin
26.jpg,yujin
29.jpg,yujin
30.jpg,yujin
34.jpg,yujin
35.jpg,yujin
38.jpg,yujin
39.jpg,yujin
41.jpg,yujin
51.jpg,yujin
52.jpg,yujin
53.jpg,yujin
54.jpg,yujin
55.jpg,yujin
56.jpg,yujin
57.jpg,yujin
60.jpg,yujin
63.jpg,yujin
64.jpg,yujin
65.jpg,yujin
71.jpg,yujin
72.jpg,yujin
75.jpg,yujin
77.jpg,yujin
78.jpg,yujin
80.jpg,yujin
81.jpg,yujin
82.jpg,yujin
83.jpg,yujin
84.jpg,yujin
85.jpg,yujin
87.jpg,yujin
89.jpg,yujin
90.jpg,yujin
93.jpg,yujin
94.jpg,yujin
99.jpg,yujin
166.jpg,yujin
172.jpg,yujin
176.jpg,yujin
181.jpg,yujin
182.jpg,yujin
183.jpg,yujin
185.jpg,yujin
192.jpg,yujin
193.jpg,yujin
194.jpg,yujin
195.jpg,yujin
197.jpg,yujin
200.jpg,yujin
202.jpg,yujin
203.jpg,yujin
217.jpg,wonyoung
218.jpg,wonyoung
223.jpg,wonyoung
229.jpg,wonyoung
230.jpg,wonyoung
236.jpg,wonyoung
238.jpg,wonyoung
240.jpg,wonyoung
243.jpg,wonyoung
258.jpg,wonyoung
263.jpg,wonyoung
267.jpg,wonyoung
270.jpg,wonyoung
273.jpg,wonyoung
276.jpg,wonyoung
277.jpg,wonyoung
278.jpg,wonyoung
281.jpg,wonyoung
282.jpg,wonyoung
283.jpg,wonyoung
287.jpg,wonyoung
291.jpg,wonyoung
292.jpg,wonyoung
294.jpg,wonyoung
295.jpg,wonyoung
298.jpg,wonyoung
310.jpg,wonyoung
311.jpg,wonyoung
317.jpg,wonyoung
318.jpg,wonyoung
319.jpg,wonyoung
330.jpg,wonyoung
331.jpg,wonyoung
332.jpg,wonyoung
333.jpg,wonyoung
337.jpg,wonyoung
346.jpg,wonyoung
347.jpg,wonyoung
352.jpg,wonyoung
355.jpg,wonyoung
356.jpg,wonyoung
357.jpg,wonyoung
358.jpg,wonyoung
362.jpg,wonyoung
364.jpg,wonyoung
365.jpg,wonyoung
370.jpg,wonyoung
371.jpg,wonyoung
373.jpg,wonyoung
374.jpg,wonyoung
381.jpg,rei
384.jpg,choiyena
390.jpg,choiyena
392.jpg,choiyena
393.jpg,choiyena
420.jpg,choiyena
421.jpg,choiyena
422.jpg,choiyena
427.jpg,choiyena
428.jpg,choiyena
429.jpg,choiyena
430.jpg,choiyena
434.jpg,choiyena
436.jpg,choiyena
437.jpg,choiyena
441.jpg,choiyena
442.jpg,choiyena
445.jpg,choiyena
446.jpg,choiyena
464.jpg,choiyena
466.jpg,choiyena
469.jpg,choiyena
477.jpg,choiyena
478.jpg,choiyena
479.jpg,choiyena
482.jpg,choiyena
483.jpg,choiyena
485.jpg,choiyena
486.jpg,choiyena
487.jpg,choiyena
488.jpg,choiyena
489.jpg,choiyena
501.jpg,choiyena
523.jpg,choiyena
544.jpg,choiyena
547.jpg,choiyena
548.jpg,choiyena
553.jpg,choiyena
559.jpg,choiyena
564.jpg,choiyena
567.jpg,choiyena
572.jpg,choiyena
574.jpg,choiyena
576.jpg,choiyena
577.jpg,choiyena
578.jpg,choiyena
584.jpg,choiyena
591.jpg,choiyena
593.jpg,choiyena
597.jpg,choiyena
604.jpg,choiyena
605.jpg,choiyena
608.jpg,choiyena
611.jpg,choiyena
612.jpg,choiyena
613.jpg,choiyena
615.jpg,choiyena
620.jpg,choiyena
621.jpg,choiyena
628.jpg,choiyena
635.jpg,choiyena
636.jpg,choiyena
638.jpg,choiyena
639.jpg,choiyena
645.jpg,choiyena
650.jpg,choiyena
651.jpg,choiyena
653.jpg,choiyena
655.jpg,choiyena
656.jpg,choiyena
657.jpg,choiyena
658.jpg,choiyena
659.jpg,choiyena
662.jpg,choiyena
663.jpg,choiyena
666.jpg,choiyena
667.jpg,choiyena
668.jpg,choiyena
671.jpg,choiyena
674.jpg,choiyena
675.jpg,choiyena
678.jpg,choiyena
679.jpg,choiyena
682.jpg,choiyena
687.jpg,choiyena
688.jpg,choiyena
689.jpg,choiyena
691.jpg,choiyena
692.jpg,choiyena
694.jpg,choiyena
695.jpg,choiyena
696.jpg,choiyena
697.jpg,choiyena
699.jpg,choiyena
700.jpg,choiyena
702.jpg,choiyena
703.jpg,choiyena
704.jpg,choiyena
713.jpg,choiyena
714.jpg,choiyena
715.jpg,choiyena
716.jpg,choiyena
717.jpg,choiyena
726.jpg,choiyena
727.jpg,choiyena
729.jpg,choiyena
730.jpg,choiyena
748.jpg,choiyena
749.jpg,choiyena
750.jpg,choiyena
752.jpg,choiyena
756.jpg,choiyena
757.jpg,choiyena
765.jpg,choiyena
798.jpg,choiyena
805.jpg,choiyena
807.jpg,choiyena
845.jpg,choiyena
846.jpg,choiyena
856.jpg,choiyena
857.jpg,choiyena
859.jpg,choiyena
860.jpg,choiyena
861.jpg,choiyena
862.jpg,choiyena
863.jpg,choiyena
864.jpg,choiyena
865.jpg,choiyena
869.jpg,choiyena
870.jpg,choiyena
875.jpg,choiyena
876.jpg,choiyena
877.jpg,choiyena
878.jpg,choiyena
880.jpg,choiyena
881.jpg,choiyena
888.jpg,kimminju
898.jpg,kimminju
899.jpg,kimminju
909.jpg,kimminju
911.jpg,kimminju
927.jpg,kimminju
928.jpg,kimminju
938.jpg,kimminju
939.jpg,kimminju
943.jpg,kimminju
944.jpg,kimminju
950.jpg,kimminju
951.jpg,kimminju
952.jpg,kimminju
953.jpg,kimminju
954.jpg,kimminju
963.jpg,kimminju
964.jpg,kimminju
968.jpg,kimminju
972.jpg,kimminju
974.jpg,kimminju
981.jpg,kimminju
982.jpg,kimminju
983.jpg,kimminju
985.jpg,kimminju
998.jpg,kimminju
16.jpg,kimminju
100.jpg,kimminju
104.jpg,kimminju
102.jpg,kimminju
103.jpg,kimminju
106.jpg,kimminju
109.jpg,kimminju
114.jpg,kimminju
113.jpg,kimminju
115.jpg,kimminju
124.jpg,kimminju
125.jpg,kimminju
126.jpg,kimminju
130.jpg,kimminju
131.jpg,kimminju
132.jpg,kimminju
133.jpg,kimminju
136.jpg,kimminju
134.jpg,kimminju
137.jpg,kimminju
139.jpg,kimminju
144.jpg,kimminju
145.jpg,kimminju
150.jpg,kimminju
152.jpg,kimminju
153.jpg,kimminju
155.jpg,kimminju
156.jpg,kimminju
161.jpg,kimminju
158.jpg,kimminju
157.jpg,kimminju
163.jpg,kimminju
162.jpg,kimminju
165.jpg,kimminju
1000.jpg,kimminju
1002.jpg,kimminju
1004.jpg,kimminju
1009.jpg,kimminju
1010.jpg,kimminju
1018.jpg,kimminju
1019.jpg,kimminju
1025.jpg,kimminju
1026.jpg,kimminju
1027.jpg,kimminju
1032.jpg,kimminju
1033.jpg,kimminju
1056.jpg,kimminju
1057.jpg,kimminju
1060.jpg,kimminju
1064.jpg,kimminju
1074.jpg,kimminju
1076.jpg,kimminju
1077.jpg,kimminju
1078.jpg,kimminju
1080.jpg,kimminju
1083.jpg,kimminju
1084.jpg,kimminju
1085.jpg,kimminju
1086.jpg,kimminju
1087.jpg,kimminju
1088.jpg,kimminju
1092.jpg,kimminju
1094.jpg,kimminju
1095.jpg,kimminju
1101.jpg,kimminju
1102.jpg,kimminju
1103.jpg,kimminju
1104.jpg,kimminju
1116.jpg,kimminju
1117.jpg,kimminju
1118.jpg,kimminju
1119.jpg,kimminju
1129.jpg,kimminju
1130.jpg,kimminju
1131.jpg,kimminju
1138.jpg,kimminju
1139.jpg,kimminju
1143.jpg,kimminju
1145.jpg,kimminju
1146.jpg,kimminju
1160.jpg,kimminju
1161.jpg,kimminju
1162.jpg,kimminju
1177.jpg,kimminju
1179.jpg,kimminju
1180.jpg,kimminju
1181.jpg,kimminju
1182.jpg,kimminju
1198.jpg,kimminju
1199.jpg,kimminju
1200.jpg,kimminju
1201.jpg,kimminju
1202.jpg,kimminju
1203.jpg,kimminju
1206.jpg,kimminju
1211.jpg,kimminju
1213.jpg,kimminju
1214.jpg,kimminju
1217.jpg,kimminju
1245.jpg,kimminju
1283.jpg,kimminju
1284.jpg,kimminju
1285.jpg,kimminju
1286.jpg,kimminju
1287.jpg,kimminju
1290.jpg,kimminju
1291.jpg,kimminju
1292.jpg,kimminju
1293.jpg,kimminju
1294.jpg,kimminju
1295.jpg,kimminju
1296.jpg,kimminju
1300.jpg,kimminju
1302.jpg,kimminju
1306.jpg,kimminju
1307.jpg,kimminju
1308.jpg,kimminju
1309.jpg,kimminju
1310.jpg,kimminju
1311.jpg,kimminju
1313.jpg,kimminju
1314.jpg,kimminju
1315.jpg,kimminju
1318.jpg,kimminju
1320.jpg,kimminju
1323.jpg,kimminju
1328.jpg,kimminju
1329.jpg,kimminju
1331.jpg,kimminju
1335.jpg,kimminju
1339.jpg,kimminju
1340.jpg,kimminju
1341.jpg,kimminju
1346.jpg,kimminju
1350.jpg,kimminju
1351.jpg,kimminju
1358.jpg,kimminju
1359.jpg,kimminju
1360.jpg,kimminju
1361.jpg,kimminju
1364.jpg,kimminju
1368.jpg,kimminju
1371.jpg,kimminju
1373.jpg,kimminju
1374.jpg,kimminju
1375.jpg,kimminju
1376.jpg,kimminju
1377.jpg,kimminju
1380.jpg,kimminju
1394.jpg,kimminju
1395.jpg,kimminju
1396.jpg,kimminju
1412.jpg,kimminju
1417.jpg,kimminju
1419.jpg,kimminju
1426.jpg,kimminju
1428.jpg,kimminju
1429.jpg,kimminju
1430.jpg,kimminju
1431.jpg,kimminju
1432.jpg,kimminju
1433.jpg,kimminju
1434.jpg,kimminju
1436.jpg,kimminju
1437.jpg,kimminju
1438.jpg,kimminju
1439.jpg,kimminju
1442.jpg,kimminju
1448.jpg,kimminju
1449.jpg,kimminju
1450.jpg,kimminju
1459.jpg,kimminju
1464.jpg,kimminju
1497.jpg,kimminju
1498.jpg,kimminju
1506.jpg,kimminju
1507.jpg,kimminju
1508.jpg,kimminju
1540.jpg,kimminju
1551.jpg,kimminju
1552.jpg,kimminju
1554.jpg,kimminju
1555.jpg,kimminju
1556.jpg,kimminju
1557.jpg,kimminju
1558.jpg,kimminju
1559.jpg,kimminju
1563.jpg,kimminju
1564.jpg,kimminju
1567.jpg,kimminju
1572.jpg,kimminju
1573.jpg,kimminju
1575.jpg,kimminju
1576.jpg,kimminju
1577.jpg,kimminju
1580.jpg,kimminju
1591.jpg,kimminju
1592.jpg,kimminju
1593.jpg,kimminju
1594.jpg,kimminju
1595.jpg,kimminju
1596.jpg,kimminju
1598.jpg,kimminju
1599.jpg,kimminju
1601.jpg,kimminju
1603.jpg,kimminju
1607.jpg,kimminju
1623.jpg,kimminju
1624.jpg,kimminju
1625.jpg,kimminju
1626.jpg,kimminju
1627.jpg,kimminju
1633.jpg,kimminju
1643.jpg,kimminju
1644.jpg,kimminju
1650.jpg,kimminju
1651.jpg,kimminju
1653.jpg,kimminju
1656.jpg,kimminju
1660.jpg,kimminju
1661.jpg,kimminju
1662.jpg,kimminju
1664.jpg,kimminju
1665.jpg,kimminju
1667.jpg,kimminju
1679.jpg,kimminju
1684.jpg,kimminju
1687.jpg,kimminju
1688.jpg,kimminju
1691.jpg,joyuri
1695.jpg,joyuri
1696.jpg,joyuri
1702.jpg,joyuri
1712.jpg,joyuri
1714.jpg,joyuri
1719.jpg,joyuri
1720.jpg,joyuri
1722.jpg,joyuri
1723.jpg,joyuri
1724.jpg,joyuri
1725.jpg,joyuri
1726.jpg,joyuri
1727.jpg,joyuri
1728.jpg,joyuri
1730.jpg,joyuri
1734.jpg,joyuri
1736.jpg,joyuri
1742.jpg,joyuri
1747.jpg,joyuri
1764.jpg,joyuri
1765.jpg,joyuri
1766.jpg,joyuri
1767.jpg,joyuri
1769.jpg,joyuri
1771.jpg,joyuri
1774.jpg,joyuri
1775.jpg,joyuri
1777.jpg,joyuri
1781.jpg,joyuri
1783.jpg,joyuri
1790.jpg,joyuri
1791.jpg,joyuri
1793.jpg,joyuri
1802.jpg,joyuri
1803.jpg,joyuri
1819.jpg,joyuri
1823.jpg,joyuri
1834.jpg,joyuri
1846.jpg,joyuri
1847.jpg,joyuri
1848.jpg,joyuri
1849.jpg,joyuri
1850.jpg,joyuri
1851.jpg,joyuri
1852.jpg,joyuri
1853.jpg,joyuri
1854.jpg,joyuri
1855.jpg,joyuri
1856.jpg,joyuri
1857.jpg,joyuri
1869.jpg,joyuri
1872.jpg,joyuri
1878.jpg,joyuri
1883.jpg,joyuri
1886.jpg,joyuri
1887.jpg,joyuri
1888.jpg,joyuri
1889.jpg,joyuri
1890.jpg,joyuri
1891.jpg,joyuri
1892.jpg,joyuri
1893.jpg,joyuri
1896.jpg,joyuri
1898.jpg,joyuri
1905.jpg,joyuri
1906.jpg,joyuri
1907.jpg,joyuri
1908.jpg,joyuri
1909.jpg,joyuri
1911.jpg,joyuri
1912.jpg,joyuri
1913.jpg,joyuri
1914.jpg,joyuri
1915.jpg,joyuri
1916.jpg,joyuri
1917.jpg,joyuri
1918.jpg,joyuri
1919.jpg,joyuri
1921.jpg,joyuri
1923.jpg,joyuri
1926.jpg,joyuri
1928.jpg,joyuri
1929.jpg,joyuri
1933.jpg,joyuri
1934.jpg,joyuri
1935.jpg,joyuri
1936.jpg,joyuri
1938.jpg,joyuri
1953.jpg,joyuri
1954.jpg,joyuri
1955.jpg,joyuri
1956.jpg,joyuri
1957.jpg,joyuri
1958.jpg,joyuri
1959.jpg,joyuri
1961.jpg,joyuri
1962.jpg,joyuri
1964.jpg,joyuri
1965.jpg,joyuri
1966.jpg,joyuri
1967.jpg,joyuri
1968.jpg,joyuri
1969.jpg,joyuri
1970.jpg,joyuri
1971.jpg,joyuri
1972.jpg,joyuri
1973.jpg,joyuri
1979.jpg,joyuri
1981.jpg,joyuri
1982.jpg,joyuri
1985.jpg,joyuri
1986.jpg,joyuri
1987.jpg,joyuri
1988.jpg,joyuri
1989.jpg,joyuri
1990.jpg,joyuri
1991.jpg,joyuri
1992.jpg,joyuri
1993.jpg,joyuri
1994.jpg,joyuri
1995.jpg,joyuri
1996.jpg,joyuri
1997.jpg,joyuri
1998.jpg,joyuri
1999.jpg,joyuri
2000.jpg,joyuri
2001.jpg,joyuri
2003.jpg,joyuri
2005.jpg,joyuri
2007.jpg,joyuri
2011.jpg,joyuri
2012.jpg,joyuri
2013.jpg,joyuri
2014.jpg,joyuri
2015.jpg,joyuri
2016.jpg,joyuri
2017.jpg,joyuri
2018.jpg,joyuri
2019.jpg,joyuri
2020.jpg,joyuri
2021.jpg,joyuri
2029.jpg,joyuri
2034.jpg,joyuri
2049.jpg,joyuri
2050.jpg,joyuri
2052.jpg,joyuri
2053.jpg,joyuri
2054.jpg,joyuri
2055.jpg,joyuri
2056.jpg,joyuri
2058.jpg,joyuri
2059.jpg,joyuri
2060.jpg,joyuri
2061.jpg,joyuri
2062.jpg,joyuri
2063.jpg,joyuri
2071.jpg,joyuri
2078.jpg,joyuri
2082.jpg,joyuri
2083.jpg,joyuri
2084.jpg,joyuri
2085.jpg,joyuri
2086.jpg,joyuri
2087.jpg,joyuri
2088.jpg,joyuri
2089.jpg,joyuri
2090.jpg,joyuri
2091.jpg,joyuri
2092.jpg,joyuri
2093.jpg,joyuri
2094.jpg,joyuri
2095.jpg,joyuri
2096.jpg,joyuri
2101.jpg,joyuri
2103.jpg,joyuri
2108.jpg,joyuri
2109.jpg,joyuri
2110.jpg,joyuri
2113.jpg,joyuri
2114.jpg,joyuri
2121.jpg,joyuri
2123.jpg,joyuri
2124.jpg,joyuri
2125.jpg,joyuri
2127.jpg,joyuri
2129.jpg,joyuri
2130.jpg,joyuri
2131.jpg,joyuri
2133.jpg,joyuri
2134.jpg,joyuri
2135.jpg,joyuri
2136.jpg,joyuri
2137.jpg,joyuri
2138.jpg,joyuri
2139.jpg,joyuri
2140.jpg,joyuri
2141.jpg,joyuri
2149.jpg,joyuri
2164.jpg,joyuri
2172.jpg,joyuri
2180.jpg,joyuri
2190.jpg,joyuri
2191.jpg,joyuri
2192.jpg,joyuri
2193.jpg,joyuri
2195.jpg,joyuri
2196.jpg,joyuri
2200.jpg,joyuri
2206.jpg,joyuri
2209.jpg,joyuri
2211.jpg,joyuri
2218.jpg,joyuri
2219.jpg,joyuri
2222.jpg,joyuri
2224.jpg,joyuri
2238.jpg,joyuri
2239.jpg,joyuri
2249.jpg,joyuri
2250.jpg,joyuri
2251.jpg,joyuri
2254.jpg,joyuri
2255.jpg,joyuri
2256.jpg,joyuri
2257.jpg,joyuri
2258.jpg,joyuri
2259.jpg,joyuri
2261.jpg,joyuri
2262.jpg,joyuri
2263.jpg,joyuri
2269.jpg,joyuri
2272.jpg,joyuri
2273.jpg,joyuri
2280.jpg,joyuri
2288.jpg,joyuri
2289.jpg,joyuri
2308.jpg,joyuri
2316.jpg,joyuri
2317.jpg,joyuri
2328.jpg,joyuri
2329.jpg,joyuri
2338.jpg,joyuri
2339.jpg,joyuri
2340.jpg,joyuri
2342.jpg,joyuri
2343.jpg,joyuri
2344.jpg,joyuri
2345.jpg,joyuri
2346.jpg,joyuri
2348.jpg,joyuri
2349.jpg,joyuri
2352.jpg,joyuri
2353.jpg,joyuri
2355.jpg,joyuri
2356.jpg,joyuri
2362.jpg,joyuri
2363.jpg,joyuri
2383.jpg,kanghyewon
2384.jpg,kanghyewon
2386.jpg,kanghyewon
2387.jpg,kanghyewon
2390.jpg,kanghyewon
2393.jpg,kanghyewon
2394.jpg,kanghyewon
2395.jpg,kanghyewon
2402.jpg,kanghyewon
2403.jpg,kanghyewon
2413.jpg,kanghyewon
2414.jpg,kanghyewon
2434.jpg,kanghyewon
2436.jpg,kanghyewon
2443.jpg,kanghyewon
2446.jpg,kanghyewon
2452.jpg,kanghyewon
2468.jpg,kanghyewon
2469.jpg,kanghyewon
2472.jpg,kanghyewon
2473.jpg,kanghyewon
2486.jpg,kanghyewon
2495.jpg,kanghyewon
2501.jpg,kanghyewon
2502.jpg,kanghyewon
2505.jpg,kanghyewon
2507.jpg,kanghyewon
2510.jpg,kanghyewon
2512.jpg,kanghyewon
2517.jpg,kanghyewon
2518.jpg,kanghyewon
2519.jpg,kanghyewon
2543.jpg,kanghyewon
2546.jpg,kanghyewon
2550.jpg,kanghyewon
2551.jpg,kanghyewon
2560.jpg,kanghyewon
2561.jpg,kanghyewon
2568.jpg,kanghyewon
2569.jpg,kanghyewon
2571.jpg,kanghyewon
2574.jpg,kanghyewon
2580.jpg,kanghyewon
2581.jpg,kanghyewon
2582.jpg,kanghyewon
2617.jpg,kanghyewon
2620.jpg,kanghyewon
2622.jpg,kanghyewon
2624.jpg,kanghyewon
2627.jpg,kanghyewon
2629.jpg,kanghyewon
2630.jpg,kanghyewon
2640.jpg,kanghyewon
2643.jpg,kanghyewon
2646.jpg,kanghyewon
2649.jpg,kanghyewon
2650.jpg,kanghyewon
2651.jpg,kanghyewon
2670.jpg,kanghyewon
2682.jpg,kanghyewon
2684.jpg,kanghyewon
2689.jpg,kanghyewon
2694.jpg,kanghyewon
2695.jpg,kanghyewon
2696.jpg,kanghyewon
2697.jpg,kanghyewon
2699.jpg,kanghyewon
2700.jpg,kanghyewon
2702.jpg,kanghyewon
2703.jpg,kanghyewon
2718.jpg,kanghyewon
2736.jpg,kanghyewon
2753.jpg,kanghyewon
2754.jpg,kanghyewon
2755.jpg,kanghyewon
2757.jpg,kanghyewon
2779.jpg,kanghyewon
2780.jpg,kanghyewon
2811.jpg,kanghyewon
2827.jpg,kanghyewon
2831.jpg,kanghyewon
2836.jpg,kanghyewon
2837.jpg,kanghyewon
2840.jpg,kwoneunbi
2842.jpg,kwoneunbi
2843.jpg,kwoneunbi
2844.jpg,kwoneunbi
2845.jpg,kwoneunbi
2846.jpg,kwoneunbi
2859.jpg,kwoneunbi
2872.jpg,kwoneunbi
2892.jpg,kwoneunbi
2893.jpg,kwoneunbi
2894.jpg,kwoneunbi
2905.jpg,kwoneunbi
2906.jpg,kwoneunbi
2907.jpg,kwoneunbi
2908.jpg,kwoneunbi
2909.jpg,kwoneunbi
2916.jpg,kwoneunbi
2917.jpg,kwoneunbi
2934.jpg,kwoneunbi
2942.jpg,kwoneunbi
2944.jpg,kwoneunbi
2945.jpg,kwoneunbi
2946.jpg,kwoneunbi
2962.jpg,kwoneunbi
2963.jpg,kwoneunbi
2972.jpg,kwoneunbi
2973.jpg,kwoneunbi
2987.jpg,kwoneunbi
2991.jpg,kwoneunbi
2995.jpg,kwoneunbi
2999.jpg,kwoneunbi
3000.jpg,kwoneunbi
3001.jpg,kwoneunbi
3002.jpg,kwoneunbi
3011.jpg,kwoneunbi
3024.jpg,kwoneunbi
3030.jpg,kwoneunbi
3044.jpg,kwoneunbi
3045.jpg,kwoneunbi
3046.jpg,kwoneunbi
3057.jpg,kwoneunbi
3058.jpg,kwoneunbi
3061.jpg,kwoneunbi
3065.jpg,kwoneunbi
3066.jpg,kwoneunbi
3080.jpg,kwoneunbi
3081.jpg,kwoneunbi
3083.jpg,kwoneunbi
3084.jpg,kwoneunbi
3085.jpg,kwoneunbi
3087.jpg,kwoneunbi
3089.jpg,kwoneunbi
3090.jpg,kwoneunbi
3092.jpg,kwoneunbi
3102.jpg,kwoneunbi
3116.jpg,kwoneunbi
3117.jpg,kwoneunbi
3118.jpg,kwoneunbi
3119.jpg,kwoneunbi
3133.jpg,kwoneunbi
3134.jpg,kwoneunbi
3146.jpg,kwoneunbi
3152.jpg,kwoneunbi
3153.jpg,kwoneunbi
3156.jpg,kwoneunbi
3157.jpg,kwoneunbi
3158.jpg,kwoneunbi
3164.jpg,kwoneunbi
3167.jpg,kwoneunbi
3168.jpg,kwoneunbi
3175.jpg,hondahitomi
3182.jpg,hondahitomi
3186.jpg,hondahitomi
3187.jpg,hondahitomi
3189.jpg,hondahitomi
3193.jpg,hondahitomi
3195.jpg,hondahitomi
3198.jpg,hondahitomi
3199.jpg,hondahitomi
3204.jpg,hondahitomi
3224.jpg,hondahitomi
3225.jpg,hondahitomi
3226.jpg,hondahitomi
3246.jpg,hondahitomi
3247.jpg,hondahitomi
3248.jpg,hondahitomi
3251.jpg,hondahitomi
3253.jpg,hondahitomi
3260.jpg,hondahitomi
3261.jpg,hondahitomi
3263.jpg,hondahitomi
3269.jpg,hondahitomi
3272.jpg,hondahitomi
3273.jpg,hondahitomi
3274.jpg,hondahitomi
3275.jpg,hondahitomi
3278.jpg,hondahitomi
3281.jpg,hondahitomi
3297.jpg,hondahitomi
3298.jpg,hondahitomi
3301.jpg,hondahitomi
3302.jpg,hondahitomi
3304.jpg,hondahitomi
3306.jpg,hondahitomi
3309.jpg,hondahitomi
3310.jpg,hondahitomi
3311.jpg,hondahitomi
3319.jpg,hondahitomi
3320.jpg,hondahitomi
3321.jpg,hondahitomi
3326.jpg,hondahitomi
3327.jpg,hondahitomi
3328.jpg,hondahitomi
3336.jpg,hondahitomi
3344.jpg,hondahitomi
3346.jpg,hondahitomi
3347.jpg,hondahitomi
3349.jpg,hondahitomi
3367.jpg,hondahitomi
3368.jpg,hondahitomi
3378.jpg,hondahitomi
3379.jpg,hondahitomi
3385.jpg,hondahitomi
3389.jpg,hondahitomi
3390.jpg,hondahitomi
3396.jpg,hondahitomi
3397.jpg,hondahitomi
3399.jpg,hondahitomi
3400.jpg,hondahitomi
3401.jpg,hondahitomi
3412.jpg,hondahitomi
3424.jpg,hondahitomi
3425.jpg,hondahitomi
3427.jpg,hondahitomi
3439.jpg,hondahitomi
3445.jpg,hondahitomi
3446.jpg,hondahitomi
3451.jpg,hondahitomi
3456.jpg,hondahitomi
3457.jpg,hondahitomi
3459.jpg,hondahitomi
3460.jpg,hondahitomi
3488.jpg,hondahitomi
3490.jpg,hondahitomi
3501.jpg,hondahitomi
3502.jpg,hondahitomi
3505.jpg,hondahitomi
3506.jpg,hondahitomi
3507.jpg,hondahitomi
3508.jpg,hondahitomi
3509.jpg,hondahitomi
3510.jpg,hondahitomi
3511.jpg,hondahitomi
3512.jpg,hondahitomi
3514.jpg,hondahitomi
3515.jpg,hondahitomi
3516.jpg,hondahitomi
3521.jpg,hondahitomi
3530.jpg,hondahitomi
3532.jpg,hondahitomi
3537.jpg,hondahitomi
3539.jpg,hondahitomi
3540.jpg,hondahitomi
3542.jpg,hondahitomi
3546.jpg,hondahitomi
3547.jpg,hondahitomi
3548.jpg,hondahitomi
3549.jpg,hondahitomi
3550.jpg,hondahitomi
3564.jpg,hondahitomi
3565.jpg,hondahitomi
3566.jpg,hondahitomi
3569.jpg,hondahitomi
3573.jpg,hondahitomi
3576.jpg,hondahitomi
3577.jpg,hondahitomi
3578.jpg,hondahitomi
3584.jpg,hondahitomi
3596.jpg,hondahitomi
3600.jpg,hondahitomi
3601.jpg,hondahitomi
3607.jpg,hondahitomi
3608.jpg,hondahitomi
3609.jpg,hondahitomi
3612.jpg,hondahitomi
3613.jpg,hondahitomi
3614.jpg,hondahitomi
3616.jpg,hondahitomi
3619.jpg,hondahitomi
3623.jpg,sakura
3630.jpg,sakura
3631.jpg,sakura
3635.jpg,sakura
3639.jpg,sakura
3660.jpg,sakura
3668.jpg,sakura
3672.jpg,sakura
3673.jpg,sakura
3679.jpg,sakura
3681.jpg,sakura
3682.jpg,sakura
3687.jpg,sakura
3691.jpg,sakura
3693.jpg,sakura
3695.jpg,sakura
3696.jpg,sakura
3700.jpg,sakura
3701.jpg,sakura
3716.jpg,sakura
3717.jpg,sakura
3722.jpg,sakura
3729.jpg,sakura
3730.jpg,sakura
3736.jpg,sakura
3737.jpg,sakura
3744.jpg,sakura
3745.jpg,sakura
3746.jpg,sakura
3747.jpg,sakura
3753.jpg,sakura
3754.jpg,sakura
3755.jpg,sakura
3756.jpg,sakura
3757.jpg,sakura
3761.jpg,sakura
3762.jpg,sakura
3763.jpg,sakura
3764.jpg,sakura
3766.jpg,sakura
3776.jpg,sakura
3778.jpg,sakura
3779.jpg,sakura
3803.jpg,sakura
3821.jpg,sakura
3835.jpg,sakura
3836.jpg,sakura
3839.jpg,sakura
3846.jpg,sakura
3847.jpg,sakura
3848.jpg,sakura
3849.jpg,sakura
3850.jpg,sakura
3856.jpg,sakura
3865.jpg,sakura
3905.jpg,sakura
3906.jpg,sakura
3907.jpg,sakura
3911.jpg,sakura
3912.jpg,sakura
3913.jpg,sakura
3916.jpg,sakura
3926.jpg,sakura
3933.jpg,sakura
3936.jpg,sakura
3937.jpg,sakura
3947.jpg,sakura
3952.jpg,sakura
3953.jpg,sakura
3954.jpg,sakura
3957.jpg,sakura
3978.jpg,sakura
3986.jpg,sakura
3987.jpg,sakura
4001.jpg,sakura
4003.jpg,sakura
4007.jpg,sakura
4008.jpg,sakura
4012.jpg,sakura
4025.jpg,kimchaewon
4026.jpg,kimchaewon
4043.jpg,kimchaewon
4058.jpg,kimchaewon
4059.jpg,kimchaewon
4060.jpg,kimchaewon
4075.jpg,kimchaewon
4076.jpg,kimchaewon
4082.jpg,kimchaewon
4087.jpg,kimchaewon
4088.jpg,kimchaewon
4090.jpg,kimchaewon
4092.jpg,kimchaewon
4093.jpg,kimchaewon
4097.jpg,kimchaewon
4098.jpg,kimchaewon
4099.jpg,kimchaewon
4100.jpg,kimchaewon
4105.jpg,kimchaewon
4106.jpg,kimchaewon
4111.jpg,kimchaewon
4112.jpg,kimchaewon
4113.jpg,kimchaewon
4116.jpg,kimchaewon
4117.jpg,kimchaewon
4119.jpg,kimchaewon
4122.jpg,kimchaewon
4123.jpg,kimchaewon
4132.jpg,kimchaewon
4133.jpg,kimchaewon
4134.jpg,kimchaewon
4136.jpg,kimchaewon
4143.jpg,kimchaewon
4147.jpg,kimchaewon
4162.jpg,kimchaewon
4163.jpg,kimchaewon
4166.jpg,kimchaewon
4168.jpg,kimchaewon
4174.jpg,kimchaewon
4175.jpg,kimchaewon
4185.jpg,kimchaewon
4186.jpg,kimchaewon
4188.jpg,kimchaewon
4189.jpg,kimchaewon
4190.jpg,kimchaewon
4191.jpg,kimchaewon
4197.jpg,kimchaewon
4202.jpg,kimchaewon
4204.jpg,kimchaewon
4205.jpg,kimchaewon
4206.jpg,kimchaewon
4207.jpg,kimchaewon
4208.jpg,kimchaewon
4228.jpg,kimchaewon
4229.jpg,kimchaewon
4235.jpg,kimchaewon
4242.jpg,kimchaewon
4243.jpg,kimchaewon
4246.jpg,kimchaewon
4248.jpg,kimchaewon
4249.jpg,kimchaewon
4252.jpg,kimchaewon
4253.jpg,kimchaewon
4254.jpg,kimchaewon
4255.jpg,kimchaewon
4258.jpg,kimchaewon
4259.jpg,kimchaewon
4260.jpg,kimchaewon
4262.jpg,kimchaewon
4263.jpg,kimchaewon
4285.jpg,kimchaewon
4286.jpg,kimchaewon
4300.jpg,kimchaewon
4301.jpg,kimchaewon
4302.jpg,kimchaewon
4303.jpg,kimchaewon
4312.jpg,kimchaewon
4317.jpg,kimchaewon
4320.jpg,kimchaewon
4321.jpg,kimchaewon
4324.jpg,kimchaewon
4335.jpg,kimchaewon
4336.jpg,kimchaewon
4337.jpg,kimchaewon
4342.jpg,kimchaewon
4344.jpg,kimchaewon
4345.jpg,kimchaewon
4348.jpg,kimchaewon
4349.jpg,kimchaewon
4351.jpg,kimchaewon
4352.jpg,kimchaewon
4354.jpg,kimchaewon
4356.jpg,kimchaewon
4357.jpg,kimchaewon
4359.jpg,kimchaewon
4369.jpg,kimchaewon
4370.jpg,kimchaewon
4371.jpg,kimchaewon
4377.jpg,kimchaewon
4380.jpg,kimchaewon
4381.jpg,kimchaewon
4382.jpg,kimchaewon
4383.jpg,kimchaewon
4384.jpg,kimchaewon
4385.jpg,kimchaewon
4410.jpg,kimchaewon
4411.jpg,kimchaewon
4412.jpg,kimchaewon
4413.jpg,kimchaewon
4414.jpg,kimchaewon
4415.jpg,kimchaewon
4417.jpg,kimchaewon
4418.jpg,kimchaewon
4422.jpg,kimchaewon
4424.jpg,kimchaewon
4427.jpg,kimchaewon
4437.jpg,kimchaewon
4439.jpg,kimchaewon
4441.jpg,kimchaewon
4452.jpg,kazuha
4457.jpg,kazuha
4464.jpg,kazuha
4470.jpg,kazuha
4471.jpg,kazuha
4472.jpg,kazuha
4480.jpg,kazuha
4481.jpg,kazuha
4483.jpg,kazuha
4502.jpg,kazuha
4503.jpg,kazuha
4505.jpg,kazuha
4506.jpg,kazuha
4508.jpg,kazuha
4511.jpg,kazuha
4531.jpg,kazuha
4549.jpg,kazuha
4558.jpg,kazuha
4559.jpg,huhyunjin
4568.jpg,huhyunjin
4571.jpg,huhyunjin
4572.jpg,huhyunjin
4596.jpg,huhyunjin
4598.jpg,huhyunjin
4599.jpg,huhyunjin
4600.jpg,huhyunjin
4601.jpg,huhyunjin
4605.jpg,huhyunjin
4620.jpg,huhyunjin
4622.jpg,huhyunjin
4623.jpg,huhyunjin
4626.jpg,huhyunjin
4628.jpg,huhyunjin
4629.jpg,huhyunjin
4631.jpg,huhyunjin
4634.jpg,huhyunjin
4636.jpg,huhyunjin
4637.jpg,huhyunjin
4643.jpg,huhyunjin
4644.jpg,huhyunjin
4647.jpg,hongeunchae
4648.jpg,hongeunchae
4650.jpg,hongeunchae
4654.jpg,hongeunchae
4657.jpg,hongeunchae
4659.jpg,hongeunchae
4660.jpg,hongeunchae
4661.jpg,hongeunchae
4662.jpg,hongeunchae
4674.jpg,hongeunchae
4685.jpg,hongeunchae
4686.jpg,hongeunchae
4687.jpg,hongeunchae
4688.jpg,hongeunchae
4692.jpg,hongeunchae
4694.jpg,hongeunchae
4695.jpg,hongeunchae
4696.jpg,hongeunchae
4712.jpg,hongeunchae
4713.jpg,hongeunchae
4715.jpg,hongeunchae
4716.jpg,hongeunchae
4717.jpg,hongeunchae
4718.jpg,hongeunchae
4721.jpg,hongeunchae
4722.jpg,hongeunchae
4725.jpg,hongeunchae
4726.jpg,hongeunchae
4727.jpg,hongeunchae
4730.jpg,hongeunchae
4731.jpg,hongeunchae
4735.jpg,hongeunchae
4737.jpg,hongeunchae
4738.jpg,hongeunchae
4739.jpg,hongeunchae
4757.jpg,oliviahye
4764.jpg,oliviahye
4767.jpg,oliviahye
4801.jpg,oliviahye
4839.jpg,oliviahye
4874.jpg,oliviahye
4883.jpg,oliviahye
4900.jpg,oliviahye
4928.jpg,oliviahye
4929.jpg,oliviahye
4966.jpg,oliviahye
4969.jpg,oliviahye
4992.jpg,oliviahye
4995.jpg,oliviahye
5010.jpg,oliviahye
5011.jpg,oliviahye
5062.jpg,oliviahye
5063.jpg,oliviahye
5064.jpg,oliviahye
5067.jpg,oliviahye
5107.jpg,oliviahye
5121.jpg,oliviahye
5122.jpg,oliviahye
5123.jpg,oliviahye
5124.jpg,oliviahye
5130.jpg,choilee
5140.jpg,oliviahye
5141.jpg,oliviahye
5142.jpg,oliviahye
5143.jpg,oliviahye
5144.jpg,oliviahye
5159.jpg,oliviahye
5171.jpg,oliviahye
5176.jpg,oliviahye
5180.jpg,oliviahye
5189.jpg,oliviahye
5190.jpg,oliviahye
5202.jpg,oliviahye
5203.jpg,oliviahye
5204.jpg,oliviahye
5217.jpg,oliviahye
5232.jpg,oliviahye
5233.jpg,oliviahye
5237.jpg,oliviahye
5238.jpg,oliviahye
5239.jpg,oliviahye
5240.jpg,oliviahye
5241.jpg,oliviahye
5251.jpg,oliviahye
5252.jpg,oliviahye
5253.jpg,oliviahye
5256.jpg,oliviahye
5257.jpg,oliviahye
5258.jpg,oliviahye
5259.jpg,oliviahye
5264.jpg,oliviahye
5265.jpg,oliviahye
5268.jpg,oliviahye
5270.jpg,oliviahye
5271.jpg,oliviahye
5274.jpg,oliviahye
5275.jpg,oliviahye
5277.jpg,oliviahye
5278.jpg,oliviahye
5283.jpg,oliviahye
5284.jpg,oliviahye
5285.jpg,oliviahye
5297.jpg,oliviahye
5320.jpg,oliviahye
5327.jpg,oliviahye
5376.jpg,oliviahye
5377.jpg,oliviahye
5424.jpg,hyuna
5432.jpg,hyuna
5449.jpg,kwonsohyun
5454.jpg,hani
5456.jpg,hani
5458.jpg,hani
5462.jpg,hani
5467.jpg,hani
5468.jpg,hani
5471.jpg,hyerin
5473.jpg,hyerin
5479.jpg,jeonghwa
5482.jpg,le
5484.jpg,solji
5494.jpg,bora
5496.jpg,dasom
5499.jpg,hyolin
5501.jpg,jeongyeon
5518.jpg,jihyo
5526.jpg,jihyo
5529.jpg,jihyo
5531.jpg,mina
5541.jpg,momo
5542.jpg,momo
5544.jpg,nayeon
5545.jpg,nayeon
5547.jpg,nayeon
5548.jpg,nayeon
5549.jpg,nayeon
5550.jpg,nayeon
5552.jpg,nayeon
5554.jpg,nayeon
5555.jpg,nayeon
5556.jpg,nayeon
5558.jpg,nayeon
5565.jpg,nayeon
5571.jpg,nayeon
5572.jpg,nayeon
5573.jpg,nayeon
5582.jpg,nayeon
5584.jpg,nayeon
5585.jpg,nayeon
5588.jpg,nayeon
5591.jpg,nayeon
5593.jpg,nayeon
5596.jpg,nayeon
5597.jpg,nayeon
5598.jpg,nayeon
5601.jpg,nayeon
5607.jpg,nayeon
5611.jpg,nayeon
5613.jpg,nayeon
5615.jpg,nayeon
5618.jpg,nayeon
5627.jpg,nayeon
5630.jpg,nayeon
5631.jpg,nayeon
5632.jpg,nayeon
5636.jpg,nayeon
5637.jpg,nayeon
5638.jpg,nayeon
5641.jpg,nayeon
5649.jpg,nayeon
5657.jpg,nayeon
5660.jpg,nayeon
5665.jpg,nayeon
5669.jpg,nayeon
5670.jpg,nayeon
5678.jpg,nayeon
5685.jpg,nayeon
5686.jpg,nayeon
5687.jpg,nayeon
5691.jpg,nayeon
5696.jpg,nayeon
5698.jpg,nayeon
5699.jpg,nayeon
5701.jpg,nayeon
5702.jpg,nayeon
5712.jpg,nayeon
5713.jpg,nayeon
5714.jpg,nayeon
5715.jpg,nayeon
5722.jpg,nayeon
5724.jpg,nayeon
5725.jpg,nayeon
5727.jpg,nayeon
5735.jpg,nayeon
5736.jpg,nayeon
5741.jpg,nayeon
5742.jpg,nayeon
5743.jpg,nayeon
5752.jpg,nayeon
5760.jpg,nayeon
5765.jpg,nayeon
5767.jpg,nayeon
5769.jpg,nayeon
5772.jpg,nayeon
5783.jpg,nayeon
5784.jpg,nayeon
5785.jpg,nayeon
5794.jpg,sana
5841.jpg,karina
5886.jpg,winter
5887.jpg,winter
5889.jpg,giselle
5952.jpg,ningning
5953.jpg,karina
5954.jpg,karina
6131.jpg,karina
6317.jpg,karina
6478.jpg,kimnamju
7085.jpg,jisoo
7091.jpg,jisoo
7104.jpg,jisoo
7107.jpg,jisoo
7122.jpg,jisoo
7142.jpg,jisoo
7148.jpg,jisoo
7159.jpg,jisoo
7166.jpg,jisoo
7171.jpg,jisoo
7174.jpg,jisoo
7177.jpg,jisoo
7204.jpg,jisoo
7211.jpg,jisoo
7653.jpg,jisoo
7655.jpg,jisoo
7656.jpg,jisoo
7669.jpg,jisoo
7672.jpg,jisoo
7675.jpg,jisoo
7677.jpg,jisoo
7679.jpg,jisoo
7680.jpg,jisoo
7681.jpg,jisoo
7682.jpg,jisoo
7683.jpg,jisoo
7684.jpg,jisoo
7685.jpg,jisoo
7686.jpg,jisoo
7687.jpg,jisoo
7688.jpg,jisoo
7689.jpg,jisoo
7690.jpg,jisoo
7691.jpg,jisoo
7694.jpg,jisoo
7696.jpg,jisoo
7697.jpg,jisoo
7698.jpg,jisoo
7701.jpg,jisoo
7702.jpg,jisoo
7703.jpg,jisoo
7704.jpg,jisoo
7706.jpg,jisoo
7707.jpg,jisoo
7708.jpg,jisoo
7709.jpg,jisoo
7711.jpg,jisoo
7712.jpg,jisoo
7713.jpg,jisoo
7718.jpg,jisoo
7720.jpg,jisoo
7721.jpg,jisoo
7723.jpg,jisoo
7733.jpg,jisoo
7734.jpg,jisoo
7736.jpg,jisoo
7738.jpg,jisoo
7740.jpg,jisoo
7742.jpg,jisoo
7751.jpg,jisoo
7752.jpg,jisoo
7766.jpg,jisoo
7875.jpg,jisoo
7879.jpg,jisoo
7882.jpg,jisoo
7885.jpg,jisoo
7888.jpg,jisoo
7907.jpg,jisoo
7909.jpg,jisoo
7910.jpg,jisoo
7911.jpg,jisoo
7929.jpg,jisoo
7930.jpg,jisoo
7931.jpg,jisoo
7934.jpg,jisoo
7944.jpg,jisoo
7951.jpg,jisoo
7967.jpg,jisoo
8053.jpg,jisoo
8054.jpg,jisoo
8055.jpg,jisoo
8056.jpg,jisoo
8065.jpg,jisoo
8067.jpg,jisoo
8070.jpg,jisoo
8072.jpg,jisoo
8074.jpg,jisoo
8082.jpg,jisoo
8087.jpg,jisoo
8098.jpg,jisoo
8146.jpg,jisoo
8195.jpg,jisoo
8213.jpg,jisoo
8236.jpg,jisoo
8239.jpg,jisoo
8276.jpg,jisoo
8326.jpg,jisoo
8330.jpg,jisoo
8334.jpg,jisoo
8336.jpg,jisoo
8429.jpg,jisoo
8435.jpg,jisoo
8436.jpg,jisoo
8489.jpg,jisoo
8490.jpg,jisoo
8494.jpg,jisoo
8499.jpg,jisoo
8505.jpg,jisoo
8530.jpg,jisoo
8532.jpg,jisoo
8546.jpg,jisoo
8610.jpg,jisoo
8612.jpg,jisoo
8618.jpg,jisoo
8630.jpg,jisoo
8640.jpg,jisoo
8652.jpg,jisoo
8660.jpg,jisoo
8662.jpg,jisoo
8865.jpg,jisoo
8873.jpg,jisoo
8878.jpg,jisoo
8882.jpg,jisoo
9056.jpg,jisoo
9072.jpg,jisoo
9073.jpg,jisoo
9077.jpg,jisoo
9081.jpg,jisoo
9171.jpg,jisoo
9175.jpg,jisoo
9230.jpg,jisoo
9250.jpg,jisoo
9254.jpg,jisoo
9290.jpg,jisoo
9307.jpg,jisoo
9332.jpg,jisoo
9335.jpg,jisoo
9368.jpg,jisoo
9369.jpg,jisoo
9382.jpg,jisoo
9513.jpg,jisoo
9635.jpg,jisoo
9639.jpg,jisoo
9640.jpg,jisoo
9642.jpg,jisoo
9644.jpg,jisoo
9645.jpg,jisoo
9650.jpg,jisoo
9660.jpg,jisoo
9663.jpg,jisoo
9664.jpg,jisoo
9666.jpg,jisoo
9667.jpg,jisoo
9668.jpg,jisoo
9669.jpg,jisoo
9673.jpg,jisoo
9675.jpg,jisoo
9676.jpg,jisoo
9677.jpg,jisoo
9681.jpg,jisoo
9691.jpg,jisoo
9705.jpg,jisoo
9715.jpg,jisoo
9716.jpg,jisoo
9718.jpg,jisoo
9720.jpg,jisoo
9722.jpg,jisoo
9723.jpg,jisoo
9725.jpg,jisoo
9730.jpg,jisoo
9731.jpg,jisoo
9732.jpg,jisoo
9735.jpg,jisoo
9742.jpg,jisoo
9751.jpg,jisoo
9752.jpg,jisoo
9754.jpg,jisoo
9757.jpg,jisoo
9759.jpg,jisoo
9768.jpg,jisoo
9772.jpg,jisoo
9773.jpg,jisoo
9784.jpg,jisoo
9802.jpg,jisoo
9805.jpg,jisoo
9822.jpg,jisoo
9834.jpg,jisoo
9875.jpg,jisoo
9877.jpg,jisoo
9878.jpg,jisoo
9882.jpg,jisoo
9895.jpg,jisoo
9896.jpg,jisoo
9900.jpg,jisoo
9902.jpg,jisoo
9905.jpg,jisoo
9906.jpg,jisoo
9907.jpg,jisoo
9908.jpg,jisoo
9910.jpg,jisoo
9911.jpg,jisoo
9912.jpg,jisoo
10090.jpg,jisoo
10319.jpg,jisoo
10323.jpg,jisoo
10372.jpg,jisoo
10420.jpg,jisoo
10435.jpg,jisoo
10450.jpg,jisoo
10451.jpg,jisoo
10453.jpg,jisoo
10454.jpg,jisoo
10455.jpg,jisoo
10456.jpg,jisoo
10532.jpg,jennie
10914.jpg,jennie
10922.jpg,jennie
10924.jpg,jennie
10925.jpg,jennie
10926.jpg,jennie
10927.jpg,jennie
10928.jpg,jennie
10931.jpg,jennie
10932.jpg,jennie
10937.jpg,jennie
10938.jpg,jennie
10939.jpg,jennie
10940.jpg,jennie
10942.jpg,jennie
10947.jpg,jennie
11043.jpg,jennie
11049.jpg,jennie
11253.jpg,jennie
11484.jpg,jennie
11616.jpg,jennie
11743.jpg,jennie
11746.jpg,jennie
11751.jpg,jennie
11752.jpg,jennie
11758.jpg,jennie
11759.jpg,jennie
11760.jpg,jennie
11761.jpg,jennie
11763.jpg,jennie
11764.jpg,jennie
11767.jpg,jennie
11769.jpg,jennie
11773.jpg,jennie
11774.jpg,jennie
11783.jpg,jennie
11811.jpg,jennie
11812.jpg,jennie
11896.jpg,jennie
11902.jpg,jennie
11942.jpg,jennie
12607.jpg,jennie
12614.jpg,jennie
12619.jpg,jennie
12640.jpg,jennie
12642.jpg,jennie
12643.jpg,jennie
12644.jpg,jennie
12645.jpg,jennie
12646.jpg,jennie
12677.jpg,jennie
12678.jpg,jennie
12680.jpg,jennie
12682.jpg,jennie
12702.jpg,jennie
12706.jpg,jennie
12711.jpg,jennie
12725.jpg,jennie
12729.jpg,jennie
12735.jpg,jennie
12815.jpg,jennie
12819.jpg,jennie
12821.jpg,jennie
12826.jpg,jennie
12842.jpg,jennie
12845.jpg,jennie
12847.jpg,jennie
12849.jpg,jennie
12850.jpg,jennie
12858.jpg,jennie
12860.jpg,jennie
12861.jpg,jennie
12864.jpg,jennie
12868.jpg,jennie
12870.jpg,jennie
12899.jpg,jennie
12911.jpg,jennie
12916.jpg,jennie
12925.jpg,jennie
12936.jpg,jennie
12937.jpg,jennie
12946.jpg,jennie
12950.jpg,jennie
12953.jpg,jennie
12981.jpg,jennie
12987.jpg,jennie
12989.jpg,jennie
12991.jpg,jennie
13007.jpg,jennie
13010.jpg,rose
13011.jpg,jennie
13017.jpg,jennie
13030.jpg,jennie
13031.jpg,jennie
13033.jpg,jennie
13034.jpg,jennie
13037.jpg,jennie
13040.jpg,jennie
13082.jpg,jennie
13085.jpg,jennie
13088.jpg,jennie
13114.jpg,jennie
13118.jpg,jennie
13165.jpg,jennie
13271.jpg,jennie
13336.jpg,jennie
13339.jpg,jennie
13346.jpg,jennie
13349.jpg,jennie
13350.jpg,jennie
13414.jpg,jennie
13419.jpg,jennie
13452.jpg,jennie
13460.jpg,jennie
13470.jpg,jennie
13480.jpg,jennie
13486.jpg,jennie
13489.jpg,jennie
13510.jpg,jennie
13512.jpg,jennie
13519.jpg,jennie
13572.jpg,jennie
13582.jpg,jennie
13586.jpg,jennie
13587.jpg,jennie
13590.jpg,jennie
13611.jpg,jennie
13685.jpg,jennie
13803.jpg,jennie
13816.jpg,jennie
13837.jpg,jennie
13838.jpg,jennie
13841.jpg,jennie
13967.jpg,jennie
13983.jpg,jennie
13995.jpg,jennie
13997.jpg,jennie
14032.jpg,jennie
14036.jpg,jennie
14039.jpg,jennie
14040.jpg,jennie
14154.jpg,jennie
15000.jpg,jennie
15031.jpg,jennie
15064.jpg,jennie
15141.jpg,rose
15156.jpg,rose
15164.jpg,rose
15166.jpg,rose
15173.jpg,rose
15174.jpg,rose
15189.jpg,rose
15190.jpg,rose
15307.jpg,rose
15308.jpg,rose
15384.jpg,rose
15613.jpg,rose
15641.jpg,rose
15676.jpg,rose
15803.jpg,rose
15858.jpg,rose
15860.jpg,rose
15865.jpg,rose
15866.jpg,rose
15872.jpg,rose
15873.jpg,rose
15874.jpg,rose
15877.jpg,rose
15878.jpg,rose
15879.jpg,rose
15880.jpg,rose
15881.jpg,rose
15882.jpg,rose
15884.jpg,rose
15885.jpg,rose
15886.jpg,rose
15887.jpg,rose
15888.jpg,rose
15892.jpg,rose
15894.jpg,rose
15895.jpg,rose
15898.jpg,rose
15900.jpg,rose
15901.jpg,rose
15902.jpg,rose
15903.jpg,rose
15905.jpg,rose
15906.jpg,rose
15908.jpg,rose
15926.jpg,rose
15931.jpg,rose
15941.jpg,rose
15958.jpg,rose
15959.jpg,rose
16085.jpg,rose
16109.jpg,rose
16113.jpg,rose
16115.jpg,rose
16118.jpg,rose
16121.jpg,rose
16127.jpg,rose
16129.jpg,rose
16132.jpg,rose
16134.jpg,rose
16144.jpg,rose
16145.jpg,rose
16146.jpg,rose
16151.jpg,rose
16155.jpg,rose
16156.jpg,rose
16173.jpg,rose
16188.jpg,rose
16198.jpg,rose
16236.jpg,rose
16264.jpg,rose
16291.jpg,rose
16292.jpg,rose
16293.jpg,rose
16295.jpg,rose
16296.jpg,rose
16297.jpg,rose
16301.jpg,rose
16303.jpg,rose
16307.jpg,rose
16308.jpg,rose
16311.jpg,rose
16318.jpg,rose
16319.jpg,rose
16333.jpg,rose
16336.jpg,rose
16341.jpg,rose
16342.jpg,rose
16344.jpg,rose
16347.jpg,rose
16348.jpg,rose
16349.jpg,rose
16350.jpg,rose
16351.jpg,rose
16352.jpg,rose
16356.jpg,rose
16357.jpg,rose
16358.jpg,rose
16359.jpg,rose
16361.jpg,rose
16362.jpg,rose
16363.jpg,rose
16364.jpg,rose
16365.jpg,rose
16367.jpg,rose
16368.jpg,rose
16369.jpg,rose
16370.jpg,rose
16372.jpg,rose
16374.jpg,rose
16375.jpg,rose
16376.jpg,rose
16812.jpg,rose
16869.jpg,rose
16871.jpg,rose
16872.jpg,rose
17740.jpg,rose
17743.jpg,rose
17747.jpg,rose
17748.jpg,rose
17751.jpg,rose
17756.jpg,rose
17870.jpg,rose
17871.jpg,rose
17873.jpg,rose
17909.jpg,rose
17917.jpg,rose
17926.jpg,rose
17954.jpg,rose
17955.jpg,rose
18014.jpg,rose
18015.jpg,rose
18045.jpg,rose
18046.jpg,rose
18050.jpg,rose
18178.jpg,rose
18240.jpg,rose
18308.jpg,rose
18327.jpg,rose
18424.jpg,rose
18468.jpg,rose
18472.jpg,rose
18999.jpg,rose
19095.jpg,rose
19096.jpg,rose
19097.jpg,rose
19131.jpg,rose
19864.jpg,rose
19909.jpg,rose
19927.jpg,rose
19970.jpg,rose
20041.jpg,rose
20610.jpg,lisa
20659.jpg,lisa
20677.jpg,lisa
20714.jpg,lisa
21218.jpg,lisa
21220.jpg,lisa
21418.jpg,lisa
21419.jpg,lisa
21450.jpg,lisa
21460.jpg,lisa
21461.jpg,lisa
21534.jpg,lisa
21538.jpg,lisa
21560.jpg,lisa
21590.jpg,lisa
21619.jpg,lisa
21650.jpg,lisa
21652.jpg,lisa
21653.jpg,lisa
21658.jpg,lisa
21692.jpg,lisa
21700.jpg,lisa
21702.jpg,lisa
21739.jpg,lisa
21741.jpg,lisa
21743.jpg,lisa
21748.jpg,lisa
21757.jpg,lisa
21759.jpg,lisa
21762.jpg,lisa
21806.jpg,lisa
21808.jpg,lisa
21812.jpg,lisa
21814.jpg,lisa
21815.jpg,lisa
21821.jpg,lisa
21822.jpg,rose
21844.jpg,lisa
21864.jpg,lisa
21870.jpg,lisa
21911.jpg,lisa
21914.jpg,lisa
21915.jpg,lisa
21919.jpg,lisa
21920.jpg,lisa
21921.jpg,lisa
21923.jpg,lisa
21924.jpg,lisa
21925.jpg,lisa
21926.jpg,lisa
22091.jpg,lisa
22095.jpg,lisa
22097.jpg,lisa
22098.jpg,lisa
22099.jpg,lisa
22100.jpg,lisa
22130.jpg,lisa
22147.jpg,lisa
22159.jpg,lisa
22160.jpg,lisa
22161.jpg,lisa
22169.jpg,lisa
22184.jpg,lisa
22237.jpg,lisa
22367.jpg,lisa
22369.jpg,lisa
22375.jpg,lisa
22377.jpg,lisa
22381.jpg,lisa
22382.jpg,lisa
22383.jpg,lisa
22384.jpg,lisa
22385.jpg,lisa
22387.jpg,lisa
22390.jpg,lisa
22395.jpg,lisa
22397.jpg,lisa
22398.jpg,lisa
22401.jpg,lisa
22402.jpg,lisa
22403.jpg,lisa
22405.jpg,lisa
22410.jpg,lisa
22419.jpg,lisa
22427.jpg,lisa
22635.jpg,lisa
22665.jpg,lisa
22710.jpg,lisa
22776.jpg,lisa
23242.jpg,lisa
23257.jpg,lisa
23263.jpg,lisa
23488.jpg,lisa
23617.jpg,lisa
23628.jpg,lisa
23638.jpg,lisa
23916.jpg,lisa
23917.jpg,lisa
24030.jpg,lisa
24034.jpg,lisa
24035.jpg,lisa
24038.jpg,lisa
24092.jpg,lisa
24093.jpg,lisa
24094.jpg,lisa
24096.jpg,lisa
24098.jpg,lisa
24099.jpg,lisa
24103.jpg,lisa
24105.jpg,lisa
24106.jpg,lisa
24108.jpg,lisa
24110.jpg,lisa
24113.jpg,lisa
24130.jpg,lisa
24132.jpg,lisa
24134.jpg,lisa
24138.jpg,lisa
24475.jpg,lisa
24476.jpg,lisa
24480.jpg,lisa
24481.jpg,lisa
24489.jpg,lisa
24492.jpg,lisa
24510.jpg,lisa
24511.jpg,lisa
24512.jpg,lisa
24647.jpg,bravegirls_yuna
24692.jpg,bravegirls_yuna
24722.jpg,bravegirls_yuna
24739.jpg,bravegirls_yuna
24878.jpg,bravegirls_yuna
25030.jpg,bravegirls_yuna
25039.jpg,bravegirls_yuna
25152.jpg,bravegirls_yuna
25156.jpg,bravegirls_yuna
25364.jpg,bravegirls_yujeong
25413.jpg,bravegirls_yujeong
25473.jpg,minyoung
25500.jpg,minyoung
25507.jpg,minyoung
25523.jpg,minyoung
25543.jpg,minyoung
25771.jpg,minyoung
25774.jpg,bravegirls_yujeong
25780.jpg,bravegirls_yujeong
25783.jpg,bravegirls_yuna
25784.jpg,bravegirls_yujeong
25804.jpg,minyoung
26016.jpg,bravegirls_eunji
26019.jpg,bravegirls_eunji
26888.jpg,bravegirls_eunji
26915.jpg,minyoung
26921.jpg,bravegirls_yuna
27197.jpg,minyoung
27200.jpg,bravegirls_yuna
27202.jpg,bravegirls_yuna
27310.jpg,bravegirls_yuna
27311.jpg,bravegirls_yuna
27331.jpg,bravegirls_eunji
27376.jpg,bravegirls_eunji
27407.jpg,minyoung
27427.jpg,bravegirls_eunji
27429.jpg,bravegirls_yuna
27431.jpg,minyoung
27434.jpg,bravegirls_yujeong
27793.jpg,hwasa
27819.jpg,sola
27835.jpg,joy
27842.jpg,yeri
27847.jpg,sunny
27858.jpg,sumin
27862.jpg,seeun
27864.jpg,seeun
27867.jpg,yoon
28661.jpg,oliviahye
28688.jpg,winter
28696.jpg,karina
28732.jpg,jisoo
28733.jpg,jisoo
28734.jpg,jisoo
28735.jpg,jisoo
28736.jpg,jisoo
28803.jpg,jisoo
28808.jpg,jisoo
28818.jpg,jisoo
28862.jpg,jisoo
28870.jpg,jisoo
28874.jpg,jisoo
28875.jpg,jisoo
28949.jpg,jisoo
29310.jpg,jisoo
29322.jpg,jisoo
29435.jpg,jisoo
29463.jpg,jisoo
29518.jpg,jisoo
29521.jpg,jisoo
29553.jpg,jisoo
29555.jpg,jisoo
29560.jpg,jisoo
29568.jpg,jisoo
29577.jpg,jisoo
29581.jpg,jisoo
29582.jpg,jisoo
29583.jpg,jisoo
29584.jpg,jisoo
29585.jpg,jisoo
29586.jpg,jisoo
29589.jpg,jisoo
29595.jpg,jisoo
29596.jpg,jisoo
29599.jpg,jisoo
29601.jpg,jisoo
29602.jpg,jisoo
29603.jpg,jisoo
29604.jpg,jisoo
29605.jpg,jisoo
29609.jpg,jisoo
29612.jpg,jisoo
29615.jpg,jisoo
29638.jpg,jisoo
29644.jpg,rose
29645.jpg,jisoo
29646.jpg,jisoo
29656.jpg,jisoo
29701.jpg,jisoo
29714.jpg,jisoo
29722.jpg,jisoo
29889.jpg,jisoo
29899.jpg,jisoo
29919.jpg,jisoo
29937.jpg,jisoo
29941.jpg,jisoo
29942.jpg,jisoo
29947.jpg,jisoo
29980.jpg,jisoo
29986.jpg,jisoo
29991.jpg,jisoo
29995.jpg,jisoo
29996.jpg,jisoo
29997.jpg,jisoo
30000.jpg,jisoo
30001.jpg,jisoo
30002.jpg,jisoo
30007.jpg,jisoo
30021.jpg,jisoo
30022.jpg,jisoo
30160.jpg,jisoo
30198.jpg,jisoo
30199.jpg,jisoo
30202.jpg,jisoo
30206.jpg,jisoo
30252.jpg,jisoo
30278.jpg,jisoo
30323.jpg,jisoo
30324.jpg,jisoo
30329.jpg,jisoo
30341.jpg,jisoo
30436.jpg,jisoo
30467.jpg,jisoo
30794.jpg,jisoo
30803.jpg,jisoo
30855.jpg,jisoo
30907.jpg,jisoo
30926.jpg,jisoo
30930.jpg,jisoo
30959.jpg,jisoo
30973.jpg,jisoo
30978.jpg,jisoo
30983.jpg,jisoo
31025.jpg,jisoo
31031.jpg,jisoo
31033.jpg,jisoo
31261.jpg,jisoo
31344.jpg,jisoo
31348.jpg,jisoo
31378.jpg,jisoo
31379.jpg,jisoo
31535.jpg,jisoo
31538.jpg,jisoo
31647.jpg,jisoo
31658.jpg,jisoo
31667.jpg,jisoo
31683.jpg,jisoo
31816.jpg,jisoo
31843.jpg,jisoo
31852.jpg,jisoo
31857.jpg,jisoo
31884.jpg,jisoo
31889.jpg,jisoo
31893.jpg,jisoo
32058.jpg,jisoo
32062.jpg,jisoo
32063.jpg,jisoo
32067.jpg,jisoo
32094.jpg,jisoo
32103.jpg,jisoo
32148.jpg,jisoo
32149.jpg,jisoo
32150.jpg,jisoo
32151.jpg,jisoo
32154.jpg,jisoo
32172.jpg,jisoo
32173.jpg,jisoo
32175.jpg,jisoo
32176.jpg,jisoo
32366.jpg,jisoo
32382.jpg,jisoo
32542.jpg,jisoo
32545.jpg,jisoo
32591.jpg,jisoo
32601.jpg,jisoo
32612.jpg,jisoo
32619.jpg,jisoo
32643.jpg,jisoo
32649.jpg,jisoo
32650.jpg,jisoo
32660.jpg,jisoo
32670.jpg,jisoo
32761.jpg,jisoo
32768.jpg,jisoo
32772.jpg,jisoo
32777.jpg,jisoo
32961.jpg,jisoo
33001.jpg,jisoo
33002.jpg,jisoo
33024.jpg,jisoo
33025.jpg,jisoo
33056.jpg,jisoo
33063.jpg,jisoo
33076.jpg,jisoo
33084.jpg,jisoo
33085.jpg,jisoo
33089.jpg,jisoo
33091.jpg,jisoo
33094.jpg,jisoo
33095.jpg,jisoo
33101.jpg,jisoo
33104.jpg,jisoo
33105.jpg,jisoo
33114.jpg,jisoo
33116.jpg,jisoo
33134.jpg,jisoo
33136.jpg,jisoo
33138.jpg,jisoo
33141.jpg,jisoo
33142.jpg,jisoo
33144.jpg,jisoo
33146.jpg,jisoo
33260.jpg,jisoo
33268.jpg,jisoo
33270.jpg,jisoo
33271.jpg,jisoo
33300.jpg,jisoo
33303.jpg,jisoo
33340.jpg,jisoo
33343.jpg,jisoo
33348.jpg,jisoo
33350.jpg,jisoo
33353.jpg,jisoo
33354.jpg,jisoo
33373.jpg,jisoo
33381.jpg,jisoo
33385.jpg,jisoo
33386.jpg,jisoo
33387.jpg,jisoo
33389.jpg,jisoo
33391.jpg,jisoo
33392.jpg,jisoo
33393.jpg,jisoo
33396.jpg,jisoo
33592.jpg,jisoo
33593.jpg,jisoo
33594.jpg,jisoo
33634.jpg,jisoo
33635.jpg,jisoo
33641.jpg,jisoo
33642.jpg,jisoo
33643.jpg,jisoo
33645.jpg,jisoo
33649.jpg,jisoo
33650.jpg,jisoo
33651.jpg,jisoo
33654.jpg,jisoo
33659.jpg,jisoo
33669.jpg,jisoo
33673.jpg,jisoo
33677.jpg,jisoo
33678.jpg,jisoo
33679.jpg,jisoo
33680.jpg,jisoo
33681.jpg,jisoo
33682.jpg,jisoo
33684.jpg,jisoo
33686.jpg,jisoo
33704.jpg,jisoo
33705.jpg,jisoo
33708.jpg,jisoo
33731.jpg,jisoo
33733.jpg,jisoo
33735.jpg,jisoo
33737.jpg,jisoo
33743.jpg,jisoo
33744.jpg,jisoo
33748.jpg,jisoo
33754.jpg,jisoo
33755.jpg,jisoo
33767.jpg,jisoo
33769.jpg,jisoo
33776.jpg,jisoo
33787.jpg,jisoo
33788.jpg,jisoo
33789.jpg,jisoo
33791.jpg,jisoo
33792.jpg,jisoo
33799.jpg,jisoo
33803.jpg,jisoo
33805.jpg,jisoo
33809.jpg,jisoo
33819.jpg,jisoo
33820.jpg,jisoo
33821.jpg,jisoo
33825.jpg,jisoo
33826.jpg,jisoo
33828.jpg,jisoo
33829.jpg,jisoo
33830.jpg,jisoo
33832.jpg,jisoo
33835.jpg,jisoo
33836.jpg,jisoo
33882.jpg,jisoo
33883.jpg,jisoo
34054.jpg,jisoo
34055.jpg,jisoo
34075.jpg,jisoo
34077.jpg,jisoo
34081.jpg,jisoo
34085.jpg,jisoo
34100.jpg,jisoo
34103.jpg,jisoo
34178.jpg,jisoo
34182.jpg,jisoo
34183.jpg,jisoo
34184.jpg,jisoo
34187.jpg,jisoo
34188.jpg,jisoo
34191.jpg,jisoo
34192.jpg,jisoo
34194.jpg,jisoo
34195.jpg,jisoo
34196.jpg,jisoo
34199.jpg,jisoo
34200.jpg,jisoo
34203.jpg,jisoo
34206.jpg,jisoo
34208.jpg,jisoo
34209.jpg,jisoo
34210.jpg,jisoo
34212.jpg,jisoo
34215.jpg,jisoo
34216.jpg,jisoo
34217.jpg,jisoo
34219.jpg,jisoo
34220.jpg,jisoo
34229.jpg,jisoo
34307.jpg,jisoo
34310.jpg,jisoo
34313.jpg,jisoo
34314.jpg,jisoo
34316.jpg,jisoo
34318.jpg,jisoo
34321.jpg,jisoo
34322.jpg,jisoo
34324.jpg,jisoo
34331.jpg,jisoo
34333.jpg,jisoo
34341.jpg,jisoo
34345.jpg,jisoo
34350.jpg,jisoo
34352.jpg,jisoo
34357.jpg,jisoo
34360.jpg,jisoo
34362.jpg,jisoo
34366.jpg,jisoo
34375.jpg,jisoo
34376.jpg,jisoo
34387.jpg,jisoo
34389.jpg,jisoo
34399.jpg,jisoo
34402.jpg,jisoo
34406.jpg,jisoo
34415.jpg,jisoo
34416.jpg,jisoo
34430.jpg,jisoo
34432.jpg,jisoo
34612.jpg,jisoo
34700.jpg,jisoo
34703.jpg,jisoo
34704.jpg,jisoo
34710.jpg,jisoo
34714.jpg,jisoo
34724.jpg,jisoo
34736.jpg,jisoo
34738.jpg,jisoo
34747.jpg,jisoo
34754.jpg,jisoo
34758.jpg,jisoo
34765.jpg,jisoo
34769.jpg,jisoo
35207.jpg,jisoo
35220.jpg,jisoo
35225.jpg,jisoo
35228.jpg,jisoo
35237.jpg,jisoo
35247.jpg,jisoo
35249.jpg,jisoo
35251.jpg,jisoo
35266.jpg,jisoo
35289.jpg,jisoo
35297.jpg,jisoo
35380.jpg,jisoo
35381.jpg,jisoo
35382.jpg,jisoo
35383.jpg,jisoo
35384.jpg,jisoo
35387.jpg,jisoo
35411.jpg,jisoo
35414.jpg,jisoo
35415.jpg,jisoo
35427.jpg,jisoo
35428.jpg,jisoo
35431.jpg,jisoo
35432.jpg,jisoo
35433.jpg,jisoo
35434.jpg,jisoo
35440.jpg,jisoo
35441.jpg,jisoo
35443.jpg,jisoo
35444.jpg,jisoo
35445.jpg,jisoo
35447.jpg,jisoo
35449.jpg,jisoo
35450.jpg,jisoo
35454.jpg,jisoo
35455.jpg,jisoo
35456.jpg,jisoo
35549.jpg,jisoo
35646.jpg,jisoo
35730.jpg,jisoo
35749.jpg,jisoo
35751.jpg,jisoo
35769.jpg,jisoo
35770.jpg,jisoo
35779.jpg,jisoo
35787.jpg,jisoo
35803.jpg,jisoo
35804.jpg,jisoo
35806.jpg,jisoo
35811.jpg,jisoo
35852.jpg,jisoo
35951.jpg,jisoo
35962.jpg,jisoo
35969.jpg,jisoo
35972.jpg,jisoo
35976.jpg,jisoo
35977.jpg,jisoo
35982.jpg,jisoo
35983.jpg,jisoo
36194.jpg,jisoo
36214.jpg,jisoo
36215.jpg,jisoo
36234.jpg,jisoo
36299.jpg,jisoo
36304.jpg,jisoo
36373.jpg,jisoo
36384.jpg,jisoo
36412.jpg,jisoo
36413.jpg,jisoo
36416.jpg,jisoo
36428.jpg,jisoo
36441.jpg,jisoo
36449.jpg,jisoo
36584.jpg,jisoo
36594.jpg,jisoo
36598.jpg,jisoo
36600.jpg,jisoo
36608.jpg,jisoo
36626.jpg,jisoo
36631.jpg,jisoo
36634.jpg,jisoo
36637.jpg,jisoo
36639.jpg,jisoo
36640.jpg,jisoo
36720.jpg,jisoo
36828.jpg,jisoo
36830.jpg,jisoo
36837.jpg,jisoo
36912.jpg,jisoo
37098.jpg,jisoo
37226.jpg,jisoo
37338.jpg,jisoo
37351.jpg,jisoo
37579.jpg,jisoo
37582.jpg,jisoo
37587.jpg,jisoo
37592.jpg,jisoo
37596.jpg,jisoo
37598.jpg,jisoo
37624.jpg,jisoo
37753.jpg,jisoo
37776.jpg,jisoo
37782.jpg,jisoo
37913.jpg,jisoo
37925.jpg,jisoo
38044.jpg,jisoo
38050.jpg,jisoo
38051.jpg,jisoo
38054.jpg,jisoo
38056.jpg,jisoo
38060.jpg,jisoo
38067.jpg,jisoo
38069.jpg,jisoo
38082.jpg,jisoo
38093.jpg,jisoo
38102.jpg,jisoo
38110.jpg,jisoo
38112.jpg,jisoo
38120.jpg,jisoo
38152.jpg,jisoo
38157.jpg,jisoo
38165.jpg,jisoo
38173.jpg,jisoo
38191.jpg,jisoo
38200.jpg,jisoo
38218.jpg,jisoo
38223.jpg,jisoo
38225.jpg,jisoo
38230.jpg,jisoo
38235.jpg,jisoo
38240.jpg,jisoo
38242.jpg,jisoo
38248.jpg,jisoo
38251.jpg,jisoo
38253.jpg,jisoo
38257.jpg,jisoo
38263.jpg,jisoo
38340.jpg,jisoo
38347.jpg,jisoo
38348.jpg,jisoo
38349.jpg,jisoo
38351.jpg,jisoo
38352.jpg,jisoo
38353.jpg,jisoo
38356.jpg,jisoo
38358.jpg,jisoo
38366.jpg,jisoo
38368.jpg,jisoo
38399.jpg,jisoo
38402.jpg,jisoo
38406.jpg,jisoo
38408.jpg,jisoo
38509.jpg,jisoo
38552.jpg,jisoo
38556.jpg,jisoo
38559.jpg,jisoo
38588.jpg,jisoo
38679.jpg,jisoo
38683.jpg,jisoo
38685.jpg,jisoo
38686.jpg,jisoo
38689.jpg,jisoo
38694.jpg,jisoo
38701.jpg,jisoo
38709.jpg,jisoo
38710.jpg,jisoo
38711.jpg,jisoo
38712.jpg,jisoo
38732.jpg,jisoo
38735.jpg,jisoo
38736.jpg,jisoo
38740.jpg,jisoo
38744.jpg,jisoo
38798.jpg,jisoo
38800.jpg,jisoo
38801.jpg,jisoo
38805.jpg,jisoo
38855.jpg,jisoo
38861.jpg,jisoo
38862.jpg,jisoo
39033.jpg,jisoo
39053.jpg,jisoo
39056.jpg,jisoo
39059.jpg,jisoo
39105.jpg,jisoo
39243.jpg,jisoo
39244.jpg,jisoo
39245.jpg,jisoo
39247.jpg,jisoo
39251.jpg,jisoo
39257.jpg,jisoo
39266.jpg,jisoo
39268.jpg,jisoo
39272.jpg,jisoo
39280.jpg,jisoo
39283.jpg,jisoo
39284.jpg,jisoo
39361.jpg,jisoo
39362.jpg,jisoo
39363.jpg,jisoo
39365.jpg,jisoo
39368.jpg,jisoo
39373.jpg,jisoo
39377.jpg,jisoo
39379.jpg,jisoo
39382.jpg,jisoo
39389.jpg,jisoo
39390.jpg,jisoo
39391.jpg,jisoo
39394.jpg,jisoo
39395.jpg,jisoo
39396.jpg,jisoo
39444.jpg,jisoo
39548.jpg,jisoo
39550.jpg,jisoo
39551.jpg,jisoo
39554.jpg,jisoo
39559.jpg,jisoo
39560.jpg,jisoo
39562.jpg,jisoo
39563.jpg,jisoo
39566.jpg,jisoo
39567.jpg,jisoo
39568.jpg,jisoo
39569.jpg,jisoo
39573.jpg,jisoo
39577.jpg,jisoo
39593.jpg,jisoo
39604.jpg,jisoo
39621.jpg,jisoo
39623.jpg,jisoo
39624.jpg,jisoo
39625.jpg,jisoo
39627.jpg,jisoo
39637.jpg,jisoo
39646.jpg,jisoo
39676.jpg,jisoo
39679.jpg,jisoo
39682.jpg,jisoo
39688.jpg,jisoo
39726.jpg,jisoo
39728.jpg,jisoo
39741.jpg,jisoo
39742.jpg,jisoo
39743.jpg,jisoo
39744.jpg,jisoo
39748.jpg,jisoo
39750.jpg,jisoo
39751.jpg,jisoo
39752.jpg,jisoo
39755.jpg,jisoo
39760.jpg,jisoo
39773.jpg,jisoo
39916.jpg,jisoo
40074.jpg,jisoo
40182.jpg,jisoo
40183.jpg,jisoo
40196.jpg,jisoo
40221.jpg,jisoo
40247.jpg,jisoo
40295.jpg,jisoo
40315.jpg,jisoo
40317.jpg,jisoo
40318.jpg,jisoo
40349.jpg,jisoo
40354.jpg,jisoo
40377.jpg,jisoo
40385.jpg,jisoo
40388.jpg,jisoo
40396.jpg,jisoo
40405.jpg,jisoo
40408.jpg,jisoo
40450.jpg,jisoo
40461.jpg,jisoo
40502.jpg,jisoo
40513.jpg,jisoo
40545.jpg,jisoo
40546.jpg,jisoo
40549.jpg,jisoo
40551.jpg,jisoo
40601.jpg,jisoo
40605.jpg,jisoo
40606.jpg,jisoo
40608.jpg,jisoo
40609.jpg,jisoo
40612.jpg,jisoo
40613.jpg,jisoo
40615.jpg,jisoo
40650.jpg,jisoo
40656.jpg,jisoo
40673.jpg,jisoo
40694.jpg,jisoo
40839.jpg,jisoo
40963.jpg,jisoo
40991.jpg,jisoo
41003.jpg,jisoo
41164.jpg,jisoo
41168.jpg,jisoo
41171.jpg,jisoo
41174.jpg,jisoo
41177.jpg,jisoo
41206.jpg,jennie
41207.jpg,jennie
41306.jpg,jennie
41322.jpg,jennie
41337.jpg,jennie
41402.jpg,jennie
41410.jpg,jennie
41462.jpg,jennie
41567.jpg,jennie
41676.jpg,jennie
41730.jpg,jennie
42051.jpg,jennie
42053.jpg,jennie
42058.jpg,jennie
42060.jpg,jennie
42094.jpg,jennie
42142.jpg,jennie
42162.jpg,jennie
42366.jpg,jennie
42367.jpg,jennie
42387.jpg,jennie
42450.jpg,jennie
42877.jpg,jennie
42883.jpg,jennie
42890.jpg,jennie
42891.jpg,jennie
43266.jpg,jennie
43365.jpg,jennie
43784.jpg,jennie
44162.jpg,jennie
44212.jpg,jennie
44229.jpg,jennie
44242.jpg,jennie
44298.jpg,jennie
44310.jpg,jennie
44329.jpg,jennie
44385.jpg,jennie
44387.jpg,jennie
44389.jpg,jennie
44399.jpg,jennie
44409.jpg,jennie
44423.jpg,jennie
44424.jpg,jennie
44440.jpg,jennie
44441.jpg,jennie
44449.jpg,jennie
44453.jpg,jennie
44456.jpg,jennie
44469.jpg,jennie
44470.jpg,jennie
44476.jpg,jennie
45173.jpg,jennie
45174.jpg,jennie
45177.jpg,jennie
45238.jpg,jennie
45276.jpg,jennie
45277.jpg,jennie
45315.jpg,jennie
45325.jpg,jennie
45409.jpg,jennie
45549.jpg,jennie
45561.jpg,jennie
45562.jpg,jennie
45568.jpg,jennie
45574.jpg,jennie
45575.jpg,jennie
45577.jpg,jennie
45578.jpg,jennie
45728.jpg,jennie
45984.jpg,jennie
46088.jpg,jennie
46666.jpg,jennie
46787.jpg,jennie
46798.jpg,jennie
46971.jpg,jennie
46991.jpg,jennie
46995.jpg,jennie
47003.jpg,jennie
47022.jpg,jennie
47138.jpg,jennie
47479.jpg,jennie
47525.jpg,jennie
48115.jpg,jennie
48116.jpg,jennie
48185.jpg,jennie
48200.jpg,jennie
48290.jpg,jennie
48435.jpg,jennie
48509.jpg,jennie
48511.jpg,jennie
48906.jpg,jennie
48914.jpg,jennie
48967.jpg,jennie
49328.jpg,jennie
49329.jpg,jennie
49331.jpg,jennie
49334.jpg,jennie
49357.jpg,jennie
49361.jpg,jennie
49363.jpg,jennie
49387.jpg,jennie
49410.jpg,jennie
49431.jpg,jennie
49435.jpg,jennie
49455.jpg,jennie
49461.jpg,jennie
49463.jpg,jennie
49466.jpg,jennie
49468.jpg,jennie
49469.jpg,jennie
49470.jpg,jennie
49471.jpg,jennie
50067.jpg,jennie
50074.jpg,jennie
50156.jpg,jennie
50195.jpg,jennie
50196.jpg,jennie
50197.jpg,jennie
50198.jpg,jennie
50206.jpg,jennie
50222.jpg,jennie
50277.jpg,jennie
50284.jpg,jennie
50288.jpg,jennie
50293.jpg,jennie
50302.jpg,jennie
50373.jpg,jennie
50382.jpg,jennie
50393.jpg,jennie
50397.jpg,jennie
50424.jpg,jennie
50464.jpg,jennie
50513.jpg,jennie
50514.jpg,jennie
50515.jpg,jennie
50517.jpg,jennie
50520.jpg,jennie
50541.jpg,jennie
50543.jpg,jennie
50550.jpg,jennie
50559.jpg,jennie
50580.jpg,jennie
50673.jpg,jennie
50674.jpg,jennie
50684.jpg,jennie
50693.jpg,jennie
50701.jpg,jennie
50706.jpg,jennie
50741.jpg,jennie
50747.jpg,jennie
50751.jpg,jennie
50752.jpg,jennie
50757.jpg,jennie
50767.jpg,jennie
50771.jpg,jennie
50788.jpg,jennie
50809.jpg,jennie
50813.jpg,jennie
50816.jpg,jennie
50820.jpg,jennie
50835.jpg,jennie
50837.jpg,jennie
50842.jpg,jennie
50854.jpg,jennie
50856.jpg,jennie
50858.jpg,jennie
50859.jpg,jennie
50861.jpg,jennie
50865.jpg,jennie
50867.jpg,jennie
50868.jpg,jennie
50869.jpg,jennie
50887.jpg,jennie
50895.jpg,jennie
50923.jpg,jennie
50948.jpg,jennie
50955.jpg,jennie
50965.jpg,jennie
50980.jpg,jennie
50988.jpg,jennie
51133.jpg,jennie
51146.jpg,jennie
51200.jpg,jennie
51440.jpg,jennie
51762.jpg,jennie
51767.jpg,jennie
51786.jpg,jennie
51847.jpg,jennie
51888.jpg,jennie
51902.jpg,jennie
52015.jpg,jennie
52039.jpg,jennie
52056.jpg,jennie
52059.jpg,jennie
52169.jpg,jennie
52174.jpg,jennie
52209.jpg,jennie
52214.jpg,jennie
52216.jpg,jennie
52300.jpg,jennie
52303.jpg,jennie
52304.jpg,jennie
52306.jpg,jennie
52326.jpg,jennie
52336.jpg,jennie
52360.jpg,jennie
52391.jpg,jennie
52400.jpg,jennie
52411.jpg,jennie
52421.jpg,jennie
52460.jpg,jennie
52471.jpg,jennie
52473.jpg,jennie
52499.jpg,jennie
52527.jpg,jennie
52528.jpg,jennie
52533.jpg,jennie
52562.jpg,jennie
52590.jpg,jennie
52593.jpg,jennie
52609.jpg,jennie
52612.jpg,jennie
52641.jpg,jennie
52651.jpg,jennie
52691.jpg,jennie
52699.jpg,jennie
52750.jpg,jennie
52764.jpg,jennie
52765.jpg,jennie
52781.jpg,jennie
52786.jpg,jennie
52788.jpg,jennie
52803.jpg,jennie
52807.jpg,jennie
52808.jpg,jennie
52813.jpg,jennie
52823.jpg,jennie
52842.jpg,jennie
52853.jpg,jennie
52858.jpg,jennie
52867.jpg,jennie
52943.jpg,jennie
52951.jpg,jennie
52952.jpg,jennie
53320.jpg,jennie
53334.jpg,jennie
53337.jpg,jennie
53410.jpg,jennie
53411.jpg,jennie
53418.jpg,jennie
53541.jpg,jennie
53543.jpg,jennie
53555.jpg,jennie
53645.jpg,jennie
53646.jpg,jennie
53649.jpg,jennie
53662.jpg,jennie
53671.jpg,jennie
53675.jpg,jennie
53679.jpg,jennie
53683.jpg,jennie
53685.jpg,jennie
53688.jpg,jennie
53691.jpg,jennie
53734.jpg,jennie
53736.jpg,jennie
53760.jpg,jennie
53797.jpg,jennie
54058.jpg,rose
54062.jpg,rose
54064.jpg,rose
54068.jpg,rose
54069.jpg,rose
54071.jpg,rose
54074.jpg,rose
54075.jpg,rose
54143.jpg,rose
54170.jpg,rose
54316.jpg,rose
54383.jpg,rose
54384.jpg,rose
54385.jpg,rose
54386.jpg,rose
54387.jpg,rose
54388.jpg,rose
54389.jpg,rose
54390.jpg,rose
54391.jpg,rose
54392.jpg,rose
54395.jpg,rose
54396.jpg,rose
54397.jpg,rose
54398.jpg,rose
54399.jpg,rose
54400.jpg,rose
54402.jpg,rose
54405.jpg,rose
54406.jpg,rose
54409.jpg,rose
54410.jpg,rose
54418.jpg,rose
54419.jpg,rose
54420.jpg,rose
54423.jpg,rose
54439.jpg,rose
54440.jpg,rose
54477.jpg,rose
54494.jpg,rose
54499.jpg,rose
54559.jpg,rose
54560.jpg,rose
54650.jpg,rose
54654.jpg,rose
54669.jpg,rose
54691.jpg,rose
54704.jpg,rose
54709.jpg,rose
54710.jpg,rose
54729.jpg,rose
54731.jpg,rose
54733.jpg,rose
54734.jpg,rose
54737.jpg,rose
54741.jpg,rose
54742.jpg,rose
54746.jpg,rose
54749.jpg,rose
54751.jpg,rose
54753.jpg,rose
54754.jpg,rose
54800.jpg,rose
54833.jpg,rose
54837.jpg,rose
54839.jpg,rose
54862.jpg,rose
54863.jpg,rose
54864.jpg,rose
54866.jpg,rose
54869.jpg,rose
54875.jpg,rose
54898.jpg,rose
54902.jpg,rose
54944.jpg,rose
54951.jpg,rose
55092.jpg,rose
55106.jpg,rose
55115.jpg,rose
55123.jpg,rose
55158.jpg,rose
55159.jpg,rose
55169.jpg,rose
55173.jpg,rose
55191.jpg,rose
55206.jpg,rose
55210.jpg,rose
55211.jpg,rose
55218.jpg,rose
55231.jpg,rose
55232.jpg,rose
55233.jpg,rose
55235.jpg,rose
55323.jpg,rose
55331.jpg,rose
55337.jpg,rose
55343.jpg,rose
55346.jpg,rose
55347.jpg,rose
55348.jpg,rose
55349.jpg,rose
55354.jpg,rose
55362.jpg,rose
55368.jpg,rose
55372.jpg,rose
55377.jpg,rose
55384.jpg,rose
55414.jpg,rose
55420.jpg,rose
55430.jpg,rose
55439.jpg,rose
55440.jpg,rose
55443.jpg,rose
55444.jpg,rose
55453.jpg,rose
55458.jpg,rose
55459.jpg,rose
55461.jpg,rose
55468.jpg,rose
55469.jpg,rose
55470.jpg,rose
55473.jpg,rose
55477.jpg,rose
55479.jpg,rose
55480.jpg,rose
55494.jpg,rose
55496.jpg,rose
55497.jpg,rose
55499.jpg,rose
55501.jpg,rose
55502.jpg,rose
55503.jpg,rose
55505.jpg,rose
55507.jpg,rose
55508.jpg,rose
55509.jpg,rose
55514.jpg,rose
55515.jpg,rose
55519.jpg,rose
55524.jpg,rose
55526.jpg,rose
55527.jpg,rose
55530.jpg,rose
55531.jpg,rose
55540.jpg,rose
55541.jpg,rose
55546.jpg,rose
55587.jpg,rose
55594.jpg,rose
55596.jpg,rose
55597.jpg,rose
55599.jpg,rose
55600.jpg,rose
55601.jpg,rose
55603.jpg,rose
55611.jpg,rose
55613.jpg,rose
55616.jpg,rose
55618.jpg,rose
55620.jpg,rose
55623.jpg,rose
55624.jpg,rose
55625.jpg,rose
55627.jpg,rose
55628.jpg,rose
55630.jpg,rose
55646.jpg,rose
55647.jpg,rose
55648.jpg,rose
55654.jpg,rose
55655.jpg,rose
55657.jpg,rose
55661.jpg,rose
55662.jpg,rose
55665.jpg,rose
55666.jpg,rose
55669.jpg,rose
55670.jpg,rose
55671.jpg,rose
55673.jpg,rose
55675.jpg,rose
55680.jpg,rose
55681.jpg,rose
55682.jpg,rose
55683.jpg,rose
55688.jpg,rose
55695.jpg,rose
55696.jpg,rose
55698.jpg,rose
55701.jpg,rose
55702.jpg,rose
55705.jpg,rose
55708.jpg,rose
55710.jpg,rose
55712.jpg,rose
55713.jpg,rose
55715.jpg,rose
55716.jpg,rose
55719.jpg,rose
55720.jpg,rose
55721.jpg,rose
55724.jpg,rose
55726.jpg,rose
55729.jpg,rose
55730.jpg,rose
55731.jpg,rose
55733.jpg,rose
55734.jpg,rose
55735.jpg,rose
55743.jpg,rose
55744.jpg,rose
55761.jpg,rose
55782.jpg,rose
55812.jpg,rose
55820.jpg,rose
55823.jpg,rose
55835.jpg,rose
55840.jpg,rose
55847.jpg,rose
55854.jpg,rose
55860.jpg,rose
55895.jpg,rose
55896.jpg,rose
55919.jpg,rose
55924.jpg,rose
55930.jpg,rose
55940.jpg,rose
55974.jpg,rose
55976.jpg,rose
56038.jpg,rose
56039.jpg,rose
56048.jpg,rose
56058.jpg,rose
56059.jpg,rose
56062.jpg,rose
56072.jpg,rose
56076.jpg,rose
56080.jpg,rose
56082.jpg,rose
56093.jpg,rose
56094.jpg,rose
56098.jpg,rose
56099.jpg,rose
56101.jpg,rose
56102.jpg,rose
56105.jpg,rose
56108.jpg,rose
56109.jpg,rose
56111.jpg,rose
56117.jpg,rose
56127.jpg,rose
56166.jpg,rose
56175.jpg,rose
56179.jpg,rose
56181.jpg,rose
56185.jpg,rose
56186.jpg,rose
56194.jpg,rose
56197.jpg,rose
56200.jpg,rose
56204.jpg,rose
56211.jpg,rose
56212.jpg,rose
56214.jpg,rose
56220.jpg,rose
56228.jpg,rose
56232.jpg,rose
56233.jpg,rose
56234.jpg,rose
56235.jpg,rose
56237.jpg,rose
56238.jpg,rose
56239.jpg,rose
56242.jpg,rose
56243.jpg,rose
56244.jpg,rose
56246.jpg,rose
56247.jpg,rose
56248.jpg,rose
56249.jpg,rose
56252.jpg,rose
56258.jpg,rose
56266.jpg,rose
56268.jpg,rose
56269.jpg,rose
56276.jpg,rose
56279.jpg,rose
56286.jpg,rose
56287.jpg,rose
56290.jpg,rose
56293.jpg,rose
56294.jpg,rose
56327.jpg,rose
56330.jpg,rose
56334.jpg,rose
56336.jpg,rose
56337.jpg,rose
56340.jpg,rose
56341.jpg,rose
56342.jpg,rose
56343.jpg,rose
56346.jpg,rose
56348.jpg,rose
56349.jpg,rose
56350.jpg,rose
56351.jpg,rose
56356.jpg,rose
56357.jpg,rose
56359.jpg,rose
56360.jpg,rose
56361.jpg,rose
56363.jpg,rose
56364.jpg,rose
56367.jpg,rose
56370.jpg,rose
56374.jpg,rose
56377.jpg,rose
56380.jpg,rose
56389.jpg,rose
56390.jpg,rose
56413.jpg,rose
56424.jpg,rose
56426.jpg,rose
56431.jpg,rose
56438.jpg,rose
56449.jpg,rose
56451.jpg,rose
56452.jpg,rose
56455.jpg,rose
56457.jpg,rose
56461.jpg,rose
56476.jpg,rose
56480.jpg,rose
56481.jpg,rose
56484.jpg,rose
56485.jpg,rose
56486.jpg,rose
56487.jpg,rose
56488.jpg,rose
56489.jpg,rose
56490.jpg,rose
56491.jpg,rose
56492.jpg,rose
56493.jpg,rose
56494.jpg,rose
56496.jpg,rose
56497.jpg,rose
56498.jpg,rose
56499.jpg,rose
56502.jpg,rose
56503.jpg,rose
56504.jpg,rose
56505.jpg,rose
56506.jpg,rose
56507.jpg,rose
56509.jpg,rose
56510.jpg,rose
56513.jpg,rose
56514.jpg,rose
56517.jpg,rose
56518.jpg,rose
56521.jpg,rose
56524.jpg,rose
56525.jpg,rose
56526.jpg,rose
56532.jpg,rose
56535.jpg,rose
56537.jpg,rose
56548.jpg,rose
56550.jpg,rose
56551.jpg,rose
56552.jpg,rose
56553.jpg,rose
56554.jpg,rose
56556.jpg,rose
56558.jpg,rose
56559.jpg,rose
56561.jpg,rose
56564.jpg,rose
56565.jpg,rose
56567.jpg,rose
56570.jpg,rose
56575.jpg,rose
56577.jpg,rose
56578.jpg,rose
56591.jpg,rose
56593.jpg,rose
56604.jpg,rose
56605.jpg,rose
56612.jpg,rose
56614.jpg,rose
56618.jpg,rose
56620.jpg,rose
56622.jpg,rose
56626.jpg,rose
56628.jpg,rose
56629.jpg,rose
56630.jpg,rose
56631.jpg,rose
56632.jpg,rose
56633.jpg,rose
56636.jpg,rose
56637.jpg,rose
56638.jpg,rose
56641.jpg,rose
56648.jpg,rose
56653.jpg,rose
56658.jpg,rose
56659.jpg,rose
56663.jpg,rose
56674.jpg,rose
56675.jpg,rose
56694.jpg,rose
56696.jpg,rose
56698.jpg,rose
56700.jpg,rose
56715.jpg,rose
56719.jpg,rose
56720.jpg,rose
56721.jpg,rose
56722.jpg,rose
56724.jpg,rose
56726.jpg,rose
56736.jpg,rose
56739.jpg,rose
56742.jpg,rose
56744.jpg,rose
56753.jpg,rose
56754.jpg,rose
56755.jpg,rose
56757.jpg,rose
56775.jpg,rose
56804.jpg,rose
56815.jpg,rose
56817.jpg,rose
56819.jpg,rose
56823.jpg,rose
56829.jpg,rose
56832.jpg,rose
56845.jpg,rose
56847.jpg,rose
56854.jpg,rose
56863.jpg,rose
56864.jpg,rose
56886.jpg,rose
56887.jpg,rose
56888.jpg,rose
56890.jpg,rose
56891.jpg,rose
56892.jpg,rose
56896.jpg,rose
56898.jpg,rose
56899.jpg,rose
56903.jpg,rose
56906.jpg,rose
56908.jpg,rose
56910.jpg,rose
56918.jpg,rose
56919.jpg,rose
56921.jpg,rose
56922.jpg,rose
56924.jpg,rose
56925.jpg,rose
56930.jpg,rose
56954.jpg,rose
57080.jpg,rose
57082.jpg,rose
57097.jpg,rose
57101.jpg,rose
57103.jpg,rose
57105.jpg,rose
57107.jpg,rose
57119.jpg,rose
57122.jpg,rose
57133.jpg,rose
57151.jpg,rose
57206.jpg,rose
57222.jpg,rose
57274.jpg,rose
57277.jpg,rose
57372.jpg,rose
57374.jpg,rose
57380.jpg,rose
57381.jpg,rose
57385.jpg,rose
57387.jpg,rose
57392.jpg,rose
57393.jpg,rose
57395.jpg,rose
57399.jpg,rose
57402.jpg,rose
57406.jpg,rose
57412.jpg,rose
57418.jpg,rose
57423.jpg,rose
57425.jpg,rose
57426.jpg,rose
57428.jpg,rose
57431.jpg,rose
57437.jpg,rose
57440.jpg,rose
57443.jpg,rose
57452.jpg,rose
57476.jpg,rose
57508.jpg,rose
57510.jpg,rose
57529.jpg,rose
57536.jpg,rose
57541.jpg,rose
57542.jpg,rose
57549.jpg,rose
57636.jpg,rose
57661.jpg,rose
57669.jpg,rose
57675.jpg,rose
57686.jpg,rose
57690.jpg,rose
57691.jpg,rose
57692.jpg,rose
57702.jpg,rose
57704.jpg,rose
57705.jpg,rose
57706.jpg,rose
57707.jpg,rose
57713.jpg,rose
57714.jpg,rose
57715.jpg,rose
57717.jpg,rose
57720.jpg,rose
57722.jpg,rose
57723.jpg,rose
57724.jpg,rose
57726.jpg,rose
57728.jpg,rose
57743.jpg,rose
57744.jpg,rose
57749.jpg,rose
57754.jpg,rose
57768.jpg,rose
57776.jpg,rose
57785.jpg,rose
57787.jpg,rose
57790.jpg,rose
57796.jpg,rose
57799.jpg,rose
57809.jpg,rose
57819.jpg,rose
57821.jpg,rose
57826.jpg,rose
57848.jpg,rose
57861.jpg,rose
57867.jpg,rose
57871.jpg,rose
57962.jpg,rose
57965.jpg,rose
57966.jpg,rose
57967.jpg,rose
57968.jpg,rose
57971.jpg,rose
57972.jpg,rose
57975.jpg,rose
57977.jpg,rose
57988.jpg,rose
57992.jpg,rose
57994.jpg,rose
58002.jpg,rose
58003.jpg,rose
58004.jpg,rose
58005.jpg,rose
58006.jpg,rose
58014.jpg,rose
58020.jpg,rose
58021.jpg,rose
58024.jpg,rose
58080.jpg,rose
58084.jpg,rose
58085.jpg,rose
58093.jpg,rose
58096.jpg,rose
58097.jpg,rose
58127.jpg,rose
58130.jpg,rose
58141.jpg,rose
58142.jpg,rose
58165.jpg,rose
58167.jpg,rose
58183.jpg,rose
58187.jpg,rose
58198.jpg,rose
58205.jpg,rose
58219.jpg,rose
58235.jpg,rose
58237.jpg,rose
58253.jpg,rose
58256.jpg,rose
58259.jpg,rose
58260.jpg,rose
58265.jpg,rose
58274.jpg,rose
58279.jpg,rose
58281.jpg,rose
58285.jpg,rose
58286.jpg,rose
58291.jpg,rose
58292.jpg,rose
58295.jpg,rose
58296.jpg,rose
58304.jpg,rose
58305.jpg,rose
58314.jpg,rose
58316.jpg,rose
58317.jpg,rose
58318.jpg,rose
58324.jpg,rose
58325.jpg,rose
58327.jpg,rose
58328.jpg,rose
58480.jpg,rose
58498.jpg,rose
58501.jpg,rose
58503.jpg,rose
58526.jpg,rose
58527.jpg,rose
58528.jpg,rose
58529.jpg,rose
58530.jpg,rose
58534.jpg,rose
58536.jpg,rose
58537.jpg,rose
58543.jpg,rose
58550.jpg,rose
58551.jpg,rose
58554.jpg,rose
58566.jpg,rose
58567.jpg,rose
58568.jpg,rose
58571.jpg,rose
58572.jpg,rose
58576.jpg,rose
58580.jpg,rose
58581.jpg,rose
58582.jpg,rose
58588.jpg,rose
58589.jpg,rose
58623.jpg,rose
58634.jpg,rose
58644.jpg,rose
58664.jpg,rose
58665.jpg,rose
58669.jpg,rose
58677.jpg,rose
58678.jpg,rose
58680.jpg,rose
58681.jpg,rose
58686.jpg,rose
58739.jpg,rose
58769.jpg,rose
58793.jpg,rose
58797.jpg,rose
58800.jpg,rose
58801.jpg,rose
58804.jpg,rose
58805.jpg,rose
58813.jpg,rose
58818.jpg,rose
58821.jpg,rose
58823.jpg,rose
58825.jpg,rose
58827.jpg,rose
58831.jpg,rose
58832.jpg,rose
58839.jpg,rose
58845.jpg,rose
58854.jpg,rose
58857.jpg,rose
58859.jpg,rose
58861.jpg,rose
58897.jpg,rose
58898.jpg,rose
58901.jpg,rose
58902.jpg,rose
58939.jpg,rose
58980.jpg,rose
58989.jpg,rose
59065.jpg,rose
59164.jpg,rose
59232.jpg,rose
59234.jpg,rose
59241.jpg,rose
59275.jpg,rose
59276.jpg,rose
59277.jpg,rose
59279.jpg,rose
59290.jpg,rose
59351.jpg,rose
59466.jpg,rose
59500.jpg,rose
59502.jpg,rose
59509.jpg,rose
59511.jpg,rose
59513.jpg,rose
59515.jpg,rose
59516.jpg,rose
59517.jpg,rose
59519.jpg,rose
59520.jpg,rose
59521.jpg,rose
59523.jpg,rose
59526.jpg,rose
59556.jpg,rose
59570.jpg,rose
59576.jpg,rose
59581.jpg,rose
59583.jpg,rose
59585.jpg,rose
59586.jpg,rose
59617.jpg,rose
59640.jpg,rose
59656.jpg,rose
59732.jpg,rose
59734.jpg,rose
59735.jpg,rose
59736.jpg,rose
59740.jpg,rose
59767.jpg,rose
59859.jpg,rose
59898.jpg,rose
59901.jpg,rose
59990.jpg,rose
59991.jpg,rose
59992.jpg,rose
59994.jpg,rose
60166.jpg,rose
60176.jpg,rose
60182.jpg,rose
60187.jpg,rose
60188.jpg,rose
60198.jpg,rose
60200.jpg,rose
60203.jpg,rose
60214.jpg,rose
60229.jpg,rose
60235.jpg,rose
60243.jpg,rose
60276.jpg,rose
60277.jpg,rose
60298.jpg,rose
60299.jpg,rose
60356.jpg,rose
60357.jpg,rose
60359.jpg,rose
60360.jpg,rose
60362.jpg,jisoo
60385.jpg,rose
60399.jpg,rose
60464.jpg,rose
60465.jpg,rose
60467.jpg,rose
60469.jpg,rose
60549.jpg,rose
60618.jpg,rose
60623.jpg,rose
60640.jpg,rose
60641.jpg,rose
60644.jpg,rose
60647.jpg,rose
60655.jpg,rose
60658.jpg,rose
60664.jpg,rose
60697.jpg,rose
60738.jpg,rose
60741.jpg,rose
60809.jpg,rose
60814.jpg,rose
60902.jpg,rose
60905.jpg,rose
60918.jpg,rose
60920.jpg,rose
60923.jpg,rose
60925.jpg,rose
60932.jpg,rose
60935.jpg,rose
60957.jpg,rose
60969.jpg,rose
61126.jpg,rose
61131.jpg,rose
61133.jpg,rose
61134.jpg,rose
61136.jpg,rose
61137.jpg,rose
61140.jpg,rose
61144.jpg,rose
61145.jpg,rose
61165.jpg,rose
61173.jpg,rose
61175.jpg,rose
61185.jpg,rose
61198.jpg,rose
61202.jpg,rose
61212.jpg,rose
61251.jpg,rose
61331.jpg,rose
61333.jpg,rose
61338.jpg,rose
61339.jpg,rose
61340.jpg,rose
61362.jpg,rose
61363.jpg,rose
61364.jpg,rose
61365.jpg,rose
61368.jpg,rose
61380.jpg,rose
61406.jpg,rose
61407.jpg,rose
61416.jpg,rose
61551.jpg,rose
61552.jpg,rose
61600.jpg,rose
61606.jpg,rose
61608.jpg,rose
61648.jpg,rose
61658.jpg,rose
61828.jpg,rose
61928.jpg,rose
61930.jpg,rose
62002.jpg,rose
62021.jpg,rose
62023.jpg,rose
62048.jpg,rose
62049.jpg,rose
62055.jpg,rose
62075.jpg,rose
62204.jpg,rose
62207.jpg,rose
62254.jpg,rose
62256.jpg,rose
62257.jpg,rose
62296.jpg,rose
62299.jpg,rose
62303.jpg,rose
62351.jpg,rose
62352.jpg,rose
62355.jpg,rose
62358.jpg,rose
62391.jpg,rose
62439.jpg,rose
62460.jpg,rose
62464.jpg,rose
62466.jpg,rose
62468.jpg,rose
62488.jpg,rose
62493.jpg,rose
62499.jpg,rose
62553.jpg,rose
62571.jpg,rose
62582.jpg,rose
62587.jpg,rose
62602.jpg,rose
62667.jpg,rose
62669.jpg,rose
62673.jpg,rose
62760.jpg,rose
62777.jpg,rose
62859.jpg,rose
62881.jpg,rose
62888.jpg,rose
62892.jpg,rose
62895.jpg,rose
62898.jpg,rose
62899.jpg,rose
62901.jpg,rose
62915.jpg,rose
62923.jpg,rose
62957.jpg,rose
62958.jpg,rose
62959.jpg,rose
62978.jpg,rose
63000.jpg,rose
63001.jpg,rose
63002.jpg,rose
63004.jpg,rose
63006.jpg,rose
63007.jpg,rose
63008.jpg,rose
63009.jpg,rose
63014.jpg,rose
63015.jpg,rose
63016.jpg,rose
63017.jpg,rose
63018.jpg,rose
63020.jpg,rose
63021.jpg,rose
63032.jpg,rose
63036.jpg,rose
63038.jpg,rose
63040.jpg,rose
63044.jpg,rose
63045.jpg,rose
63128.jpg,rose
63131.jpg,rose
63133.jpg,rose
63135.jpg,rose
63136.jpg,rose
63138.jpg,lisa
63174.jpg,rose
63184.jpg,rose
63190.jpg,rose
63193.jpg,rose
63195.jpg,rose
63196.jpg,rose
63198.jpg,rose
63293.jpg,rose
63299.jpg,rose
63305.jpg,rose
63317.jpg,rose
63318.jpg,rose
63320.jpg,rose
63321.jpg,rose
63323.jpg,rose
63331.jpg,rose
63338.jpg,rose
63342.jpg,rose
63343.jpg,rose
63349.jpg,rose
63375.jpg,rose
63378.jpg,rose
63386.jpg,rose
63387.jpg,rose
63392.jpg,rose
63394.jpg,rose
63395.jpg,rose
63396.jpg,rose
63398.jpg,rose
63399.jpg,rose
63402.jpg,rose
63403.jpg,rose
63404.jpg,rose
63406.jpg,rose
63411.jpg,rose
63462.jpg,rose
63465.jpg,rose
63467.jpg,rose
63473.jpg,rose
63474.jpg,rose
63475.jpg,rose
63530.jpg,rose
63537.jpg,rose
63541.jpg,rose
63554.jpg,rose
63558.jpg,rose
63559.jpg,rose
63562.jpg,rose
63564.jpg,rose
63565.jpg,rose
63569.jpg,rose
63587.jpg,rose
63652.jpg,rose
63760.jpg,rose
63764.jpg,rose
63810.jpg,rose
63811.jpg,rose
63823.jpg,rose
63824.jpg,rose
63826.jpg,rose
63828.jpg,rose
63849.jpg,rose
63850.jpg,rose
63881.jpg,rose
63887.jpg,rose
63916.jpg,rose
63917.jpg,rose
63919.jpg,rose
63920.jpg,rose
63921.jpg,rose
63922.jpg,rose
63926.jpg,rose
63932.jpg,rose
64165.jpg,rose
64166.jpg,rose
64260.jpg,rose
64277.jpg,rose
64280.jpg,rose
64285.jpg,rose
64342.jpg,rose
64344.jpg,rose
64350.jpg,rose
64367.jpg,rose
64492.jpg,rose
64505.jpg,rose
64510.jpg,rose
64511.jpg,rose
64514.jpg,rose
64517.jpg,rose
64537.jpg,rose
64541.jpg,rose
64544.jpg,rose
64545.jpg,rose
64548.jpg,rose
64551.jpg,rose
64552.jpg,rose
64558.jpg,rose
64561.jpg,rose
64568.jpg,rose
64569.jpg,rose
64571.jpg,rose
64576.jpg,rose
64583.jpg,rose
64587.jpg,rose
64588.jpg,rose
64692.jpg,rose
64698.jpg,rose
64702.jpg,rose
64705.jpg,rose
64722.jpg,rose
64725.jpg,rose
64728.jpg,rose
64731.jpg,rose
64738.jpg,rose
64760.jpg,rose
65032.jpg,rose
65365.jpg,rose
65379.jpg,rose
65383.jpg,rose
65440.jpg,rose
65521.jpg,rose
65524.jpg,rose
65621.jpg,rose
65626.jpg,rose
65692.jpg,rose
65703.jpg,rose
65705.jpg,rose
65754.jpg,rose
65779.jpg,rose
65797.jpg,rose
65862.jpg,rose
65876.jpg,rose
65888.jpg,rose
65890.jpg,rose
65893.jpg,rose
65997.jpg,rose
65998.jpg,rose
66000.jpg,rose
66002.jpg,rose
66003.jpg,rose
66006.jpg,rose
66018.jpg,rose
66020.jpg,rose
66024.jpg,rose
66026.jpg,rose
66037.jpg,rose
66041.jpg,rose
66044.jpg,rose
66047.jpg,rose
66056.jpg,rose
66073.jpg,rose
66091.jpg,rose
66094.jpg,rose
66095.jpg,rose
66096.jpg,rose
66097.jpg,rose
66241.jpg,rose
66261.jpg,rose
66297.jpg,rose
66314.jpg,rose
66321.jpg,rose
66335.jpg,rose
66352.jpg,rose
66551.jpg,rose
66553.jpg,rose
66587.jpg,rose
66616.jpg,rose
66780.jpg,rose
66822.jpg,rose
66828.jpg,rose
66829.jpg,rose
66831.jpg,rose
66832.jpg,rose
66856.jpg,lisa
66865.jpg,lisa
66866.jpg,lisa
66870.jpg,lisa
66894.jpg,lisa
66902.jpg,lisa
67046.jpg,lisa
67047.jpg,lisa
67058.jpg,lisa
67064.jpg,lisa
67070.jpg,lisa
67165.jpg,lisa
67174.jpg,lisa
67181.jpg,lisa
67296.jpg,lisa
67314.jpg,lisa
67485.jpg,lisa
67492.jpg,lisa
67493.jpg,lisa
67579.jpg,lisa
67587.jpg,lisa
67708.jpg,lisa
67734.jpg,lisa
67743.jpg,lisa
67752.jpg,lisa
67785.jpg,lisa
67882.jpg,lisa
67922.jpg,lisa
68002.jpg,lisa
68019.jpg,lisa
68022.jpg,lisa
68033.jpg,lisa
68441.jpg,lisa
68444.jpg,lisa
68455.jpg,lisa
68457.jpg,lisa
68458.jpg,lisa
68459.jpg,lisa
68494.jpg,lisa
68499.jpg,lisa
68646.jpg,lisa
68651.jpg,lisa
68763.jpg,jisoo
68795.jpg,jisoo
68811.jpg,lisa
68813.jpg,lisa
68817.jpg,lisa
68818.jpg,lisa
68825.jpg,lisa
68826.jpg,lisa
68832.jpg,lisa
68833.jpg,lisa
68834.jpg,lisa
68839.jpg,lisa
68840.jpg,lisa
68842.jpg,lisa
68846.jpg,lisa
68847.jpg,lisa
68848.jpg,lisa
68852.jpg,lisa
68854.jpg,lisa
68857.jpg,lisa
68858.jpg,lisa
68860.jpg,lisa
68862.jpg,lisa
68864.jpg,lisa
68865.jpg,lisa
68867.jpg,lisa
68868.jpg,lisa
68988.jpg,lisa
68990.jpg,lisa
68991.jpg,lisa
68997.jpg,lisa
68998.jpg,lisa
68999.jpg,lisa
69000.jpg,lisa
69016.jpg,lisa
69019.jpg,lisa
69028.jpg,lisa
69029.jpg,lisa
69030.jpg,lisa
69036.jpg,lisa
69047.jpg,lisa
69066.jpg,lisa
69073.jpg,lisa
69136.jpg,lisa
69138.jpg,lisa
69266.jpg,lisa
69359.jpg,lisa
69363.jpg,lisa
69367.jpg,lisa
69368.jpg,lisa
69416.jpg,lisa
69423.jpg,lisa
69490.jpg,lisa
69526.jpg,lisa
69534.jpg,lisa
69535.jpg,lisa
69536.jpg,lisa
69537.jpg,lisa
69555.jpg,lisa
69605.jpg,lisa
69617.jpg,lisa
69625.jpg,lisa
69632.jpg,lisa
69633.jpg,lisa
69634.jpg,lisa
69644.jpg,lisa
69688.jpg,rose
69824.jpg,lisa
69826.jpg,lisa
69915.jpg,lisa
69920.jpg,lisa
69941.jpg,lisa
69946.jpg,lisa
69947.jpg,lisa
69969.jpg,lisa
69997.jpg,lisa
69998.jpg,lisa
69999.jpg,lisa
70000.jpg,lisa
70001.jpg,lisa
70003.jpg,lisa
70027.jpg,lisa
70042.jpg,lisa
70051.jpg,lisa
70054.jpg,lisa
70055.jpg,lisa
70069.jpg,lisa
70081.jpg,lisa
70084.jpg,lisa
70153.jpg,lisa
70194.jpg,lisa
70195.jpg,lisa
70196.jpg,lisa
70198.jpg,lisa
70202.jpg,lisa
70207.jpg,lisa
70208.jpg,lisa
70216.jpg,lisa
70242.jpg,lisa
70253.jpg,lisa
70276.jpg,lisa
70277.jpg,lisa
70284.jpg,lisa
70285.jpg,lisa
70286.jpg,lisa
70291.jpg,lisa
70299.jpg,lisa
70396.jpg,lisa
70398.jpg,lisa
70399.jpg,lisa
70407.jpg,lisa
70408.jpg,lisa
70410.jpg,lisa
70416.jpg,lisa
70424.jpg,lisa
70440.jpg,lisa
70457.jpg,lisa
70581.jpg,lisa
70584.jpg,lisa
70587.jpg,lisa
70588.jpg,lisa
70590.jpg,lisa
70591.jpg,lisa
70787.jpg,lisa
70788.jpg,lisa
70789.jpg,lisa
70790.jpg,lisa
70792.jpg,lisa
70794.jpg,lisa
70795.jpg,lisa
70796.jpg,lisa
70797.jpg,lisa
70799.jpg,lisa
70803.jpg,lisa
70805.jpg,lisa
70814.jpg,lisa
70815.jpg,lisa
70820.jpg,lisa
70822.jpg,lisa
70823.jpg,lisa
70827.jpg,lisa
70829.jpg,lisa
70832.jpg,lisa
70834.jpg,lisa
70848.jpg,lisa
70850.jpg,lisa
70860.jpg,lisa
70883.jpg,lisa
70929.jpg,lisa
70930.jpg,lisa
70933.jpg,lisa
70934.jpg,lisa
70939.jpg,lisa
70990.jpg,lisa
70997.jpg,lisa
70998.jpg,lisa
71000.jpg,lisa
71004.jpg,lisa
71008.jpg,lisa
71009.jpg,lisa
71010.jpg,lisa
71011.jpg,lisa
71023.jpg,lisa
71103.jpg,lisa
71228.jpg,lisa
71230.jpg,lisa
71231.jpg,lisa
71233.jpg,lisa
71277.jpg,lisa
71278.jpg,lisa
71423.jpg,lisa
71425.jpg,lisa
71469.jpg,lisa
71470.jpg,lisa
71489.jpg,lisa
71509.jpg,lisa
71808.jpg,lisa
72254.jpg,lisa
72255.jpg,lisa
72257.jpg,lisa
72264.jpg,lisa
72265.jpg,lisa
72275.jpg,lisa
72289.jpg,lisa
72391.jpg,lisa
72428.jpg,lisa
72431.jpg,lisa
72441.jpg,lisa
72443.jpg,lisa
72468.jpg,lisa
72469.jpg,lisa
72471.jpg,lisa
72475.jpg,lisa
72481.jpg,lisa
72484.jpg,lisa
72493.jpg,lisa
72494.jpg,lisa
72550.jpg,lisa
72563.jpg,lisa
72576.jpg,lisa
72672.jpg,lisa
72675.jpg,lisa
72679.jpg,lisa
72700.jpg,lisa
72702.jpg,lisa
72709.jpg,lisa
72711.jpg,lisa
72715.jpg,lisa
72719.jpg,lisa
72721.jpg,lisa
72722.jpg,lisa
72733.jpg,lisa
72783.jpg,lisa
72789.jpg,lisa
72792.jpg,lisa
72793.jpg,lisa
72794.jpg,lisa
72795.jpg,lisa
72809.jpg,lisa
72818.jpg,lisa
72820.jpg,lisa
72835.jpg,lisa
72841.jpg,lisa
72869.jpg,lisa
72898.jpg,lisa
72900.jpg,lisa
72904.jpg,lisa
72911.jpg,lisa
72919.jpg,lisa
72934.jpg,lisa
73038.jpg,lisa
73039.jpg,lisa
73042.jpg,lisa
73061.jpg,lisa
73236.jpg,lisa
73239.jpg,lisa
73241.jpg,lisa
73269.jpg,lisa
73392.jpg,lisa
73394.jpg,lisa
73395.jpg,lisa
73396.jpg,lisa
73398.jpg,lisa
73400.jpg,lisa
73402.jpg,lisa
73403.jpg,lisa
73405.jpg,lisa
73406.jpg,lisa
73452.jpg,lisa
73464.jpg,lisa
73465.jpg,lisa
73466.jpg,lisa
73493.jpg,lisa
73495.jpg,lisa
73498.jpg,lisa
73506.jpg,lisa
73510.jpg,lisa
73518.jpg,lisa
73520.jpg,lisa
73521.jpg,lisa
73522.jpg,lisa
73523.jpg,lisa
73524.jpg,lisa
73532.jpg,lisa
73534.jpg,lisa
73546.jpg,lisa
73551.jpg,lisa
73558.jpg,lisa
73559.jpg,lisa
73562.jpg,lisa
73563.jpg,lisa
73573.jpg,lisa
73574.jpg,lisa
73575.jpg,lisa
73577.jpg,lisa
73579.jpg,lisa
73594.jpg,lisa
73601.jpg,lisa
73614.jpg,lisa
73615.jpg,lisa
73619.jpg,lisa
73624.jpg,lisa
73629.jpg,lisa
73644.jpg,lisa
73665.jpg,lisa
73667.jpg,lisa
73669.jpg,lisa
73671.jpg,lisa
73678.jpg,lisa
73679.jpg,lisa
73687.jpg,lisa
73689.jpg,lisa
73692.jpg,lisa
73697.jpg,lisa
73716.jpg,lisa
73719.jpg,lisa
73725.jpg,lisa
73727.jpg,lisa
73737.jpg,lisa
73738.jpg,lisa
73741.jpg,lisa
73745.jpg,lisa
73748.jpg,lisa
73749.jpg,lisa
73750.jpg,lisa
73756.jpg,lisa
73787.jpg,lisa
73799.jpg,lisa
73836.jpg,lisa
73842.jpg,lisa
73857.jpg,lisa
73860.jpg,lisa
73959.jpg,lisa
73977.jpg,lisa
73980.jpg,lisa
74039.jpg,lisa
74074.jpg,lisa
74119.jpg,lisa
74125.jpg,lisa
74234.jpg,lisa
74308.jpg,lisa
74313.jpg,lisa
74314.jpg,lisa
74320.jpg,lisa
74324.jpg,lisa
74377.jpg,lisa
74451.jpg,lisa
74452.jpg,lisa
74467.jpg,lisa
74472.jpg,lisa
74482.jpg,lisa
74593.jpg,lisa
74709.jpg,lisa
74711.jpg,lisa
74715.jpg,lisa
74716.jpg,lisa
74717.jpg,lisa
74721.jpg,lisa
74746.jpg,lisa
74747.jpg,lisa
74753.jpg,lisa
74797.jpg,lisa
74798.jpg,lisa
74800.jpg,lisa
74822.jpg,lisa
74826.jpg,lisa
74889.jpg,lisa
74897.jpg,lisa
74898.jpg,lisa
74910.jpg,jisoo
74911.jpg,jisoo
74915.jpg,lisa
74916.jpg,lisa
74921.jpg,lisa
74938.jpg,lisa
74939.jpg,lisa
74940.jpg,lisa
74945.jpg,lisa
74973.jpg,lisa
74974.jpg,lisa
74982.jpg,lisa
74987.jpg,lisa
74998.jpg,lisa
74999.jpg,lisa
75126.jpg,lisa
75130.jpg,lisa
75132.jpg,lisa
75139.jpg,lisa
75144.jpg,lisa
75157.jpg,lisa
75174.jpg,lisa
75175.jpg,lisa
75185.jpg,lisa
75204.jpg,lisa
75220.jpg,lisa
75221.jpg,lisa
75236.jpg,lisa
75248.jpg,lisa
75253.jpg,lisa
75267.jpg,lisa
75291.jpg,lisa
75292.jpg,lisa
75295.jpg,lisa
75304.jpg,lisa
75311.jpg,lisa
75315.jpg,lisa
75350.jpg,lisa
75378.jpg,lisa
75379.jpg,lisa
75380.jpg,lisa
75384.jpg,lisa
75385.jpg,lisa
75389.jpg,lisa
75390.jpg,lisa
75396.jpg,lisa
75405.jpg,lisa
75416.jpg,lisa
75708.jpg,lisa
75709.jpg,lisa
75714.jpg,lisa
75718.jpg,lisa
75719.jpg,lisa
75722.jpg,lisa
75723.jpg,lisa
75726.jpg,lisa
75730.jpg,lisa
75734.jpg,lisa
75735.jpg,lisa
75736.jpg,lisa
75745.jpg,lisa
75747.jpg,lisa
75748.jpg,lisa
75749.jpg,lisa
75837.jpg,lisa
75849.jpg,lisa
75853.jpg,lisa
75861.jpg,lisa
75865.jpg,lisa
75869.jpg,lisa
75879.jpg,lisa
75926.jpg,lisa
75930.jpg,lisa
75952.jpg,lisa
75962.jpg,lisa
75964.jpg,jisoo
75975.jpg,lisa
76005.jpg,lisa
76046.jpg,lisa
76080.jpg,lisa
76088.jpg,jisoo
76097.jpg,lisa
76107.jpg,lisa
76109.jpg,lisa
76113.jpg,lisa
76150.jpg,lisa
76170.jpg,lisa
76173.jpg,lisa
76174.jpg,lisa
76178.jpg,lisa
76180.jpg,lisa
76182.jpg,lisa
76183.jpg,lisa
76185.jpg,lisa
76187.jpg,lisa
76192.jpg,lisa
76193.jpg,lisa
76196.jpg,lisa
76200.jpg,lisa
76202.jpg,lisa
76204.jpg,lisa
76212.jpg,lisa
76213.jpg,lisa
76217.jpg,lisa
76226.jpg,lisa
76229.jpg,lisa
76230.jpg,lisa
76232.jpg,lisa
76235.jpg,lisa
76239.jpg,lisa
76255.jpg,lisa
76277.jpg,lisa
76283.jpg,lisa
76311.jpg,lisa
76321.jpg,lisa
76326.jpg,lisa
76337.jpg,lisa
76340.jpg,lisa
76342.jpg,lisa
76345.jpg,lisa
76349.jpg,lisa
76360.jpg,lisa
76361.jpg,lisa
76367.jpg,lisa
76368.jpg,lisa
76369.jpg,lisa
76370.jpg,lisa
76373.jpg,lisa
76380.jpg,lisa
76381.jpg,lisa
76383.jpg,lisa
76384.jpg,lisa
76398.jpg,lisa
76404.jpg,lisa
76408.jpg,lisa
76420.jpg,lisa
76425.jpg,lisa
76428.jpg,lisa
76435.jpg,lisa
76437.jpg,lisa
76457.jpg,lisa
76460.jpg,lisa
76466.jpg,lisa
76479.jpg,lisa
76498.jpg,jisoo
76500.jpg,lisa
76503.jpg,jisoo
76504.jpg,lisa
76514.jpg,lisa
76515.jpg,jisoo
76519.jpg,lisa
76524.jpg,lisa
76525.jpg,lisa
76536.jpg,lisa
76538.jpg,lisa
76541.jpg,lisa
76544.jpg,lisa
76550.jpg,lisa
76557.jpg,lisa
76558.jpg,lisa
76569.jpg,lisa
76590.jpg,lisa
76591.jpg,lisa
76594.jpg,lisa
76604.jpg,lisa
76609.jpg,lisa
76610.jpg,lisa
76611.jpg,jisoo
76613.jpg,lisa
76614.jpg,lisa
76615.jpg,lisa
76616.jpg,lisa
76664.jpg,lisa
76670.jpg,lisa
76678.jpg,lisa
76684.jpg,lisa
76695.jpg,lisa
76697.jpg,lisa
76698.jpg,lisa
76699.jpg,lisa
76700.jpg,lisa
76702.jpg,lisa
76703.jpg,lisa
76766.jpg,lisa
76823.jpg,lisa
76829.jpg,lisa
76849.jpg,lisa
76858.jpg,lisa
76861.jpg,lisa
76863.jpg,lisa
76882.jpg,lisa
76883.jpg,lisa
76889.jpg,lisa
76939.jpg,lisa
76942.jpg,lisa
76943.jpg,lisa
76945.jpg,lisa
76947.jpg,lisa
76950.jpg,lisa
76955.jpg,lisa
76956.jpg,lisa
76963.jpg,lisa
76965.jpg,lisa
76966.jpg,lisa
76968.jpg,lisa
76969.jpg,lisa
76972.jpg,lisa
76973.jpg,lisa
76974.jpg,lisa
76975.jpg,lisa
76985.jpg,lisa
76995.jpg,lisa
77011.jpg,lisa
77064.jpg,lisa
77180.jpg,lisa
77183.jpg,lisa
77194.jpg,lisa
77279.jpg,lisa
77342.jpg,lisa
77343.jpg,lisa
77345.jpg,lisa
77348.jpg,lisa
77368.jpg,lisa
77535.jpg,lisa
77622.jpg,lisa
77623.jpg,lisa
77627.jpg,lisa
77629.jpg,lisa
77630.jpg,lisa
77631.jpg,lisa
77636.jpg,lisa
77638.jpg,lisa
77642.jpg,lisa
77643.jpg,lisa
77651.jpg,lisa
77652.jpg,lisa
77666.jpg,lisa
77692.jpg,lisa
77709.jpg,lisa
77720.jpg,lisa
77730.jpg,lisa
77773.jpg,lisa
77827.jpg,lisa
77828.jpg,lisa
77830.jpg,lisa
77832.jpg,lisa
77833.jpg,lisa
77834.jpg,lisa
77835.jpg,lisa
77836.jpg,lisa
77838.jpg,lisa
77839.jpg,lisa
77856.jpg,lisa
77864.jpg,lisa
77867.jpg,lisa
77874.jpg,lisa
77878.jpg,lisa
77880.jpg,lisa
77881.jpg,lisa
77882.jpg,lisa
77883.jpg,lisa
77886.jpg,lisa
77887.jpg,lisa
77889.jpg,lisa
77891.jpg,lisa
77895.jpg,lisa
77896.jpg,lisa
77897.jpg,lisa
77900.jpg,lisa
77901.jpg,lisa
77908.jpg,lisa
77920.jpg,lisa
77922.jpg,lisa
77923.jpg,lisa
77926.jpg,lisa
77955.jpg,lisa
77960.jpg,lisa
77961.jpg,lisa
77963.jpg,lisa
77964.jpg,lisa
77967.jpg,lisa
78138.jpg,lisa
78149.jpg,lisa
78150.jpg,lisa
78156.jpg,lisa
78160.jpg,lisa
78161.jpg,lisa
78162.jpg,lisa
78165.jpg,lisa
78194.jpg,lisa
78195.jpg,lisa
78199.jpg,lisa
78207.jpg,lisa
78284.jpg,lisa
78290.jpg,lisa
78291.jpg,lisa
78293.jpg,lisa
78298.jpg,lisa
78302.jpg,lisa
78311.jpg,lisa
78314.jpg,lisa
78325.jpg,lisa
78330.jpg,lisa
78336.jpg,lisa
78390.jpg,lisa
78392.jpg,lisa
78393.jpg,lisa
78399.jpg,lisa
78431.jpg,lisa
78450.jpg,lisa
78453.jpg,lisa
78465.jpg,lisa
78470.jpg,lisa
78489.jpg,lisa
78490.jpg,lisa
78492.jpg,lisa
78496.jpg,lisa
78497.jpg,lisa
78505.jpg,jisoo
78507.jpg,jisoo
78522.jpg,lisa
78524.jpg,lisa
78529.jpg,lisa
78531.jpg,lisa
78534.jpg,lisa
78537.jpg,lisa
78556.jpg,lisa
78565.jpg,lisa
78574.jpg,lisa
78575.jpg,lisa
78576.jpg,lisa
78577.jpg,lisa
78580.jpg,lisa
78586.jpg,lisa
78587.jpg,lisa
78588.jpg,lisa
78589.jpg,lisa
78590.jpg,lisa
78591.jpg,lisa
78596.jpg,lisa
78597.jpg,lisa
78604.jpg,rose
78605.jpg,lisa
78607.jpg,lisa
78608.jpg,lisa
78616.jpg,lisa
78621.jpg,rose
78624.jpg,lisa
78629.jpg,lisa
78638.jpg,lisa
78640.jpg,lisa
78645.jpg,lisa
78648.jpg,lisa
78649.jpg,lisa
78652.jpg,lisa
78654.jpg,lisa
78657.jpg,lisa
78662.jpg,lisa
78730.jpg,lisa
78742.jpg,lisa
78762.jpg,lisa
78765.jpg,lisa
78769.jpg,lisa
78774.jpg,lisa
78798.jpg,lisa
78808.jpg,lisa
78809.jpg,lisa
78816.jpg,lisa
78818.jpg,lisa
78819.jpg,lisa
78825.jpg,lisa
78910.jpg,lisa
78912.jpg,lisa
78914.jpg,lisa
78916.jpg,lisa
78917.jpg,lisa
78919.jpg,lisa
78923.jpg,lisa
78924.jpg,lisa
78926.jpg,lisa
78928.jpg,lisa
78935.jpg,lisa
78937.jpg,lisa
78944.jpg,lisa
79003.jpg,lisa
79012.jpg,lisa
79013.jpg,lisa
79014.jpg,lisa
79057.jpg,lisa
79063.jpg,lisa
79071.jpg,lisa
79127.jpg,lisa
79129.jpg,lisa
79130.jpg,lisa
79132.jpg,lisa
79136.jpg,lisa
79142.jpg,lisa
79159.jpg,lisa
79165.jpg,lisa
79166.jpg,lisa
79176.jpg,lisa
79177.jpg,lisa
79179.jpg,lisa
79181.jpg,lisa
79188.jpg,lisa
79189.jpg,lisa
79191.jpg,lisa
79192.jpg,lisa
79205.jpg,lisa
79206.jpg,lisa
79208.jpg,lisa
79212.jpg,lisa
79213.jpg,lisa
79224.jpg,lisa
79229.jpg,lisa
79271.jpg,lisa
79285.jpg,lisa
79313.jpg,rose
79364.jpg,lisa
79380.jpg,jisoo
79395.jpg,lisa
79397.jpg,lisa
79398.jpg,lisa
79406.jpg,lisa
79411.jpg,lisa
79412.jpg,lisa
79413.jpg,lisa
79414.jpg,lisa
79417.jpg,lisa
79421.jpg,lisa
79439.jpg,lisa
79502.jpg,lisa
79504.jpg,lisa
79509.jpg,lisa
79544.jpg,lisa
79586.jpg,lisa
79718.jpg,lisa
79720.jpg,lisa
79723.jpg,lisa
79726.jpg,lisa
79728.jpg,lisa
79735.jpg,lisa
79736.jpg,lisa
79737.jpg,lisa
79740.jpg,lisa
79753.jpg,lisa
79760.jpg,lisa
79798.jpg,lisa
79799.jpg,lisa
79800.jpg,lisa
79801.jpg,lisa
79802.jpg,lisa
79804.jpg,lisa
79805.jpg,lisa
79807.jpg,lisa
79838.jpg,lisa
79839.jpg,lisa
79849.jpg,lisa
79851.jpg,lisa
79853.jpg,lisa
79854.jpg,lisa
79855.jpg,lisa
79857.jpg,lisa
79897.jpg,rose
79904.jpg,rose
79950.jpg,lisa
80008.jpg,lisa
80011.jpg,lisa
80019.jpg,lisa
80026.jpg,lisa
80037.jpg,lisa
80040.jpg,lisa
80044.jpg,lisa
80054.jpg,lisa
80057.jpg,lisa
80058.jpg,lisa
80059.jpg,lisa
80065.jpg,lisa
80066.jpg,lisa
80067.jpg,rose
80069.jpg,lisa
80075.jpg,lisa
80077.jpg,lisa
80079.jpg,lisa
80080.jpg,lisa
80083.jpg,lisa
80084.jpg,lisa
80086.jpg,lisa
80091.jpg,lisa
80107.jpg,lisa
80112.jpg,lisa
80117.jpg,rose
80122.jpg,lisa
80123.jpg,lisa
80127.jpg,lisa
80128.jpg,lisa
80131.jpg,lisa
80138.jpg,lisa
80140.jpg,lisa
80142.jpg,lisa
80147.jpg,lisa
80155.jpg,lisa
80159.jpg,lisa
80167.jpg,lisa
80169.jpg,jennie
80170.jpg,lisa
80171.jpg,lisa
80175.jpg,lisa
80176.jpg,jennie
80180.jpg,lisa
80183.jpg,lisa
80185.jpg,lisa
80193.jpg,lisa
80201.jpg,lisa
80210.jpg,lisa
80213.jpg,lisa
80222.jpg,lisa
80223.jpg,lisa
80224.jpg,lisa
80228.jpg,lisa
80244.jpg,lisa
80246.jpg,lisa
80248.jpg,lisa
80249.jpg,lisa
80298.jpg,lisa
80318.jpg,lisa
80323.jpg,lisa
80339.jpg,rose
80357.jpg,rose
80381.jpg,lisa
80387.jpg,rose
80388.jpg,lisa
80404.jpg,rose
80441.jpg,lisa
80445.jpg,lisa
80448.jpg,lisa
80461.jpg,lisa
80484.jpg,lisa
80486.jpg,lisa
80490.jpg,lisa
80491.jpg,lisa
80496.jpg,lisa
80501.jpg,lisa
80502.jpg,lisa
80505.jpg,lisa
80511.jpg,lisa
80516.jpg,lisa
80524.jpg,lisa
80527.jpg,lisa
80529.jpg,lisa
80533.jpg,lisa
80552.jpg,lisa
80553.jpg,lisa
80554.jpg,lisa
80562.jpg,lisa
80563.jpg,lisa
80566.jpg,lisa
80574.jpg,lisa
80575.jpg,lisa
80576.jpg,lisa
80580.jpg,lisa
80582.jpg,lisa
80583.jpg,lisa
80584.jpg,lisa
80587.jpg,lisa
80591.jpg,lisa
80726.jpg,lisa
80962.jpg,lisa
80972.jpg,lisa
80973.jpg,lisa
80975.jpg,lisa
80976.jpg,lisa
80982.jpg,lisa
80983.jpg,lisa
80990.jpg,lisa
80991.jpg,lisa
80996.jpg,lisa
80997.jpg,lisa
81004.jpg,lisa
81006.jpg,lisa
81007.jpg,lisa
81008.jpg,lisa
81010.jpg,lisa
81011.jpg,lisa
81018.jpg,lisa
81020.jpg,lisa
81022.jpg,lisa
81109.jpg,lisa
81113.jpg,lisa
81135.jpg,lisa
81136.jpg,lisa
81139.jpg,lisa
81165.jpg,lisa
81172.jpg,lisa
81174.jpg,lisa
81176.jpg,lisa
81177.jpg,rose
81179.jpg,lisa
81182.jpg,lisa
81183.jpg,lisa
81185.jpg,lisa
81186.jpg,lisa
81187.jpg,lisa
81188.jpg,lisa
81189.jpg,lisa
81190.jpg,lisa
81193.jpg,lisa
81194.jpg,lisa
81196.jpg,lisa
81197.jpg,lisa
81224.jpg,lisa
81225.jpg,lisa
81226.jpg,lisa
81227.jpg,lisa
81229.jpg,lisa
81230.jpg,lisa
81231.jpg,lisa
81232.jpg,lisa
81235.jpg,lisa
81236.jpg,lisa
81237.jpg,lisa
81240.jpg,lisa
81241.jpg,lisa
81243.jpg,lisa
81244.jpg,lisa
81245.jpg,lisa
81246.jpg,lisa
81248.jpg,lisa
81250.jpg,lisa
81252.jpg,lisa
81270.jpg,rose
81275.jpg,lisa
81276.jpg,lisa
81277.jpg,rose
81283.jpg,lisa
81287.jpg,lisa
81291.jpg,lisa
81301.jpg,lisa
81303.jpg,lisa
81305.jpg,lisa
81307.jpg,lisa
81309.jpg,lisa
81310.jpg,lisa
81363.jpg,lisa
81372.jpg,lisa
81373.jpg,lisa
81374.jpg,lisa
81380.jpg,lisa
81381.jpg,lisa
81383.jpg,lisa
81386.jpg,lisa
81390.jpg,lisa
81391.jpg,lisa
81401.jpg,lisa
81402.jpg,lisa
81403.jpg,lisa
81421.jpg,lisa
81422.jpg,lisa
81423.jpg,lisa
81424.jpg,lisa
81425.jpg,lisa
81426.jpg,lisa
81427.jpg,lisa
81428.jpg,lisa
81429.jpg,lisa
81431.jpg,lisa
81432.jpg,lisa
81435.jpg,lisa
81460.jpg,lisa
81468.jpg,lisa
81471.jpg,lisa
81472.jpg,lisa
81475.jpg,lisa
81477.jpg,lisa
81478.jpg,lisa
81479.jpg,lisa
81481.jpg,lisa
81482.jpg,lisa
81484.jpg,lisa
81485.jpg,lisa
81487.jpg,lisa
81488.jpg,lisa
81491.jpg,lisa
81492.jpg,lisa
81493.jpg,lisa
81494.jpg,lisa
81495.jpg,lisa
81496.jpg,lisa
81497.jpg,lisa
81499.jpg,lisa
81501.jpg,lisa
81502.jpg,lisa
81508.jpg,lisa
81512.jpg,lisa
81522.jpg,lisa
81523.jpg,lisa
81549.jpg,lisa
81566.jpg,lisa
81569.jpg,lisa
81570.jpg,lisa
81573.jpg,lisa
81583.jpg,lisa
81585.jpg,lisa
81593.jpg,lisa
81596.jpg,lisa
81598.jpg,lisa
81599.jpg,lisa
81600.jpg,lisa
81602.jpg,lisa
81603.jpg,lisa
81604.jpg,lisa
81606.jpg,lisa
81607.jpg,lisa
81609.jpg,lisa
81612.jpg,lisa
81613.jpg,lisa
81614.jpg,lisa
81618.jpg,lisa
81619.jpg,lisa
81620.jpg,lisa
81621.jpg,lisa
81622.jpg,lisa
81623.jpg,lisa
81624.jpg,lisa
81625.jpg,lisa
81626.jpg,lisa
81628.jpg,lisa
81629.jpg,lisa
81630.jpg,lisa
81631.jpg,lisa
81633.jpg,lisa
81635.jpg,lisa
81665.jpg,lisa
81666.jpg,lisa
81672.jpg,lisa
81676.jpg,lisa
81677.jpg,lisa
81678.jpg,lisa
81683.jpg,lisa
81686.jpg,lisa
81810.jpg,lisa
81814.jpg,lisa
81817.jpg,lisa
81820.jpg,lisa
81828.jpg,lisa
81829.jpg,lisa
81831.jpg,lisa
81832.jpg,lisa
81833.jpg,lisa
81840.jpg,lisa
81841.jpg,lisa
81843.jpg,lisa
81845.jpg,lisa
81846.jpg,lisa
81853.jpg,lisa
81855.jpg,lisa
81858.jpg,lisa
81859.jpg,lisa
81860.jpg,lisa
81862.jpg,lisa
81870.jpg,lisa
81873.jpg,lisa
81875.jpg,lisa
81878.jpg,lisa
81880.jpg,lisa
81881.jpg,lisa
81882.jpg,lisa
81907.jpg,lisa
81988.jpg,lisa
81993.jpg,lisa
81994.jpg,lisa
82000.jpg,lisa
82004.jpg,lisa
82008.jpg,lisa
82038.jpg,lisa
82069.jpg,lisa
82138.jpg,lisa
82147.jpg,lisa
82150.jpg,lisa
82153.jpg,lisa
82167.jpg,lisa
82181.jpg,lisa
82199.jpg,lisa
82224.jpg,lisa
82235.jpg,lisa
82247.jpg,lisa
82278.jpg,lisa
82298.jpg,lisa
82365.jpg,lisa
82368.jpg,lisa
82374.jpg,lisa
82375.jpg,lisa
82855.jpg,kimminju
82856.jpg,kimminju
82857.jpg,kimminju
82858.jpg,kimminju
82859.jpg,kimminju
82860.jpg,kimminju
82866.jpg,chaewon
82868.jpg,chaewon
82874.jpg,karina
82956.jpg,jisoo
82964.jpg,jisoo
82965.jpg,jisoo
82967.jpg,jisoo
82972.jpg,jisoo
83076.jpg,lisa
83081.jpg,lisa
83140.jpg,yeojin
83157.jpg,karina
83163.jpg,giselle
83166.jpg,ningning
83175.jpg,giselle
83176.jpg,ningning
83178.jpg,karina
83180.jpg,karina
83181.jpg,ningning
83182.jpg,ningning
83184.jpg,winter
83185.jpg,winter
83186.jpg,winter
83187.jpg,giselle
83188.jpg,giselle
83189.jpg,giselle
83190.jpg,karina
83191.jpg,karina
83198.jpg,ningning
83207.jpg,karina
83210.jpg,giselle
83211.jpg,giselle
83215.jpg,winter
83220.jpg,ningning
83244.jpg,karina
83249.jpg,ningning
83258.jpg,winter
83261.jpg,karina
83264.jpg,winter
83266.jpg,ningning
83267.jpg,ningning
83271.jpg,giselle
83273.jpg,winter
83274.jpg,ningning
83463.jpg,ningning
83466.jpg,winter
83467.jpg,winter
83499.jpg,winter
83500.jpg,ningning
83501.jpg,karina
83643.jpg,karina
83647.jpg,karina
83648.jpg,karina
83649.jpg,giselle
83650.jpg,giselle
83651.jpg,ningning
83653.jpg,ningning
83654.jpg,ningning
83655.jpg,karina
83657.jpg,giselle
83658.jpg,giselle
83659.jpg,winter
83660.jpg,winter
83661.jpg,ningning
83662.jpg,ningning
83740.jpg,winter
83752.jpg,winter
83757.jpg,ningning
83778.jpg,karina
83780.jpg,giselle
83782.jpg,winter
83783.jpg,winter
83785.jpg,ningning
83883.jpg,ningning
83884.jpg,ningning
83891.jpg,karina
83892.jpg,giselle
83990.jpg,ningning
84035.jpg,giselle
84037.jpg,ningning
84038.jpg,giselle
84176.jpg,winter
84215.jpg,karina
84216.jpg,karina
84227.jpg,giselle
84231.jpg,giselle
84232.jpg,giselle
84233.jpg,giselle
84235.jpg,giselle
84237.jpg,winter
84244.jpg,ningning
84245.jpg,ningning
84246.jpg,ningning
84255.jpg,karina
84257.jpg,giselle
84258.jpg,ningning
84464.jpg,jisoo
84471.jpg,jisoo
84476.jpg,jisoo
84483.jpg,jisoo
84484.jpg,jisoo
84485.jpg,jisoo
84486.jpg,jisoo
84489.jpg,jisoo
84490.jpg,jisoo
84494.jpg,jisoo
84495.jpg,jisoo
84499.jpg,jisoo
84517.jpg,jisoo
84522.jpg,jisoo
84523.jpg,jisoo
84536.jpg,jisoo
84539.jpg,jisoo
84541.jpg,jisoo
84560.jpg,jisoo
84563.jpg,jisoo
84569.jpg,jisoo
84581.jpg,jisoo
84588.jpg,jisoo
84715.jpg,jisoo
84751.jpg,jisoo
84758.jpg,jisoo
84765.jpg,jisoo
84775.jpg,jisoo
84785.jpg,jisoo
84787.jpg,jisoo
84813.jpg,jisoo
84845.jpg,jisoo
84846.jpg,jisoo
84847.jpg,jisoo
84855.jpg,jisoo
84861.jpg,jisoo
84868.jpg,jisoo
84902.jpg,jisoo
84903.jpg,jisoo
84905.jpg,jisoo
84906.jpg,jisoo
84908.jpg,jisoo
84917.jpg,jisoo
84928.jpg,jisoo
84931.jpg,jisoo
84937.jpg,jisoo
84948.jpg,jisoo
84949.jpg,jisoo
84950.jpg,jisoo
84953.jpg,jisoo
84954.jpg,jisoo
84955.jpg,jisoo
84956.jpg,jisoo
84957.jpg,jisoo
84978.jpg,jisoo
84981.jpg,jisoo
84982.jpg,jisoo
84986.jpg,jisoo
84987.jpg,jisoo
85000.jpg,jisoo
85037.jpg,jisoo
85048.jpg,jisoo
85055.jpg,jisoo
85090.jpg,jisoo
85114.jpg,jisoo
85233.jpg,jisoo
85236.jpg,jisoo
85237.jpg,jisoo
85238.jpg,jisoo
85241.jpg,jisoo
85242.jpg,jisoo
85243.jpg,jisoo
85251.jpg,jisoo
85252.jpg,jisoo
85255.jpg,jisoo
85256.jpg,jisoo
85272.jpg,jisoo
85279.jpg,jisoo
85281.jpg,jisoo
85282.jpg,jisoo
85283.jpg,jisoo
85284.jpg,jisoo
85285.jpg,jisoo
85286.jpg,jisoo
85288.jpg,jisoo
85289.jpg,jisoo
85290.jpg,jisoo
85307.jpg,jisoo
85308.jpg,jisoo
85310.jpg,jisoo
85315.jpg,jisoo
85318.jpg,jisoo
85324.jpg,jisoo
85326.jpg,jisoo
85327.jpg,jisoo
85347.jpg,jisoo
85348.jpg,jisoo
85349.jpg,jisoo
85350.jpg,jisoo
85351.jpg,jisoo
85355.jpg,jisoo
85358.jpg,jisoo
85359.jpg,jisoo
85360.jpg,jisoo
85362.jpg,jisoo
85365.jpg,jisoo
85366.jpg,jisoo
85367.jpg,jisoo
85370.jpg,jisoo
85380.jpg,jisoo
85382.jpg,jisoo
85385.jpg,jisoo
85386.jpg,jisoo
85388.jpg,jisoo
85402.jpg,jisoo
85405.jpg,jisoo
85408.jpg,jisoo
85409.jpg,jisoo
85410.jpg,jisoo
85412.jpg,jisoo
85413.jpg,jisoo
85415.jpg,jisoo
85418.jpg,jisoo
85419.jpg,jisoo
85422.jpg,jisoo
85425.jpg,jisoo
85427.jpg,jisoo
85428.jpg,jisoo
85429.jpg,jisoo
85430.jpg,jisoo
85431.jpg,jisoo
85440.jpg,jisoo
85441.jpg,jisoo
85442.jpg,jisoo
85443.jpg,jisoo
85444.jpg,jisoo
85448.jpg,jisoo
85449.jpg,jisoo
85450.jpg,jisoo
85454.jpg,jisoo
85456.jpg,jisoo
85457.jpg,jisoo
85459.jpg,jisoo
85460.jpg,jisoo
85461.jpg,jisoo
85463.jpg,jisoo
85464.jpg,jisoo
85471.jpg,jisoo
85474.jpg,jisoo
85481.jpg,jisoo
85482.jpg,jisoo
85483.jpg,jisoo
85485.jpg,jisoo
85492.jpg,jisoo
85496.jpg,jisoo
85499.jpg,jisoo
85500.jpg,jisoo
85508.jpg,jisoo
85518.jpg,jisoo
85656.jpg,rose
